co_mun,no_mun,ano,fonte,variavel,ensino_rede,ensino_tipo,valor
2704302,Maceió,2010,censo_demografico,Taxa de Analfabetismo,Não se aplica,Pessoas de 15 anos ou mais de idade,11.86
2704302,Maceió,2022,censo_demografico,Taxa de Analfabetismo,Não se aplica,Pessoas de 15 anos ou mais de idade,8.42
2704302,Maceió,2023,censo_escolar,Matrícula,Total,Educação Infantil,24000.0
2704302,Maceió,2023,censo_escolar,Matrícula,Estadual,Ensino Fundamental,29270.0
2704302,Maceió,2023,censo_escolar,Matrícula,Municipal,Ensino Fundamental,37245.0
2704302,Maceió,2023,censo_escolar,Matrícula,Federal,Ensino Fundamental,0.0
2704302,Maceió,2023,censo_escolar,Matrícula,Privada,Ensino Fundamental,42511.0
2704302,Maceió,2023,censo_escolar,Matrícula,Pública,Ensino Fundamental,66515.0
2704302,Maceió,2023,censo_escolar,Matrícula,Total,Ensino Fundamental,109026.0
2704302,Maceió,2023,censo_escolar,Matrícula,Total,Ensino Médio,32000.0
2704302,Maceió,2023,censo_escolar,Matrícula,Total,Educação de Jovens e Adultos (EJA),6000.0
2704302,Maceió,2023,censo_escolar,Matrícula,Total,Educação Profissional,4000.0
2704302,Maceió,2023,indicadores_rendimento,Taxa de Aprovação,Total,Ensino Fundamental,96.50
2706802,Piaçabuçu,2010,censo_demografico,Taxa de Analfabetismo,Não se aplica,Pessoas de 15 anos ou mais de idade,31.77
2706802,Piaçabuçu,2022,censo_demografico,Taxa de Analfabetismo,Não se aplica,Pessoas de 15 anos ou mais de idade,22.83
2706802,Piaçabuçu,2023,censo_escolar,Matrícula,Total,Educação Infantil,800.0
2706802,Piaçabuçu,2023,censo_escolar,Matrícula,Total,Ensino Fundamental,2400.0
2706802,Piaçabuçu,2023,censo_escolar,Matrícula,Total,Ensino Médio,1000.0
2706802,Piaçabuçu,2023,censo_escolar,Matrícula,Total,Educação de Jovens e Adultos (EJA),300.0
2706802,Piaçabuçu,2023,censo_escolar,Matrícula,Total,Educação Profissional,200.0
2706802,Piaçabuçu,2023,indicadores_rendimento,Taxa de Aprovação,Total,Ensino Fundamental,94.00
2700300,Arapiraca,2023,censo_escolar,Matrícula,Total,Educação Infantil,8000.0
2700300,Arapiraca,2023,censo_escolar,Matrícula,Total,Ensino Fundamental,35000.0
2700300,Arapiraca,2023,censo_escolar,Matrícula,Total,Ensino Médio,11000.0
2700300,Arapiraca,2023,censo_escolar,Matrícula,Total,Educação de Jovens e Adultos (EJA),2000.0
2700300,Arapiraca,2023,censo_escolar,Matrícula,Total,Educação Profissional,1500.0
2700300,Arapiraca,2023,indicadores_rendimento,Taxa de Aprovação,Total,Ensino Fundamental,95.80
2706307,Palmeira dos Índios,2023,censo_escolar,Matrícula,Total,Educação Infantil,2500.0
2706307,Palmeira dos Índios,2023,censo_escolar,Matrícula,Total,Ensino Fundamental,12000.0
2706307,Palmeira dos Índios,2023,censo_escolar,Matrícula,Total,Ensino Médio,4000.0
2706307,Palmeira dos Índios,2023,censo_escolar,Matrícula,Total,Educação de Jovens e Adultos (EJA),800.0
2706307,Palmeira dos Índios,2023,censo_escolar,Matrícula,Total,Educação Profissional,500.0
2706307,Palmeira dos Índios,2023,indicadores_rendimento,Taxa de Aprovação,Total,Ensino Fundamental,95.20
2706703,Penedo,2023,censo_escolar,Matrícula,Total,Educação Infantil,2200.0
2706703,Penedo,2023,censo_escolar,Matrícula,Total,Ensino Fundamental,10000.0
2706703,Penedo,2023,censo_escolar,Matrícula,Total,Ensino Médio,3500.0
2706703,Penedo,2023,censo_escolar,Matrícula,Total,Educação de Jovens e Adultos (EJA),700.0
2706703,Penedo,2023,censo_escolar,Matrícula,Total,Educação Profissional,400.0
2706703,Penedo,2023,indicadores_rendimento,Taxa de Aprovação,Total,Ensino Fundamental,96.00
2709301,União dos Palmares,2023,censo_escolar,Matrícula,Total,Educação Infantil,2300.0
2709301,União dos Palmares,2023,censo_escolar,Matrícula,Total,Ensino Fundamental,11000.0
2709301,União dos Palmares,2023,censo_escolar,Matrícula,Total,Ensino Médio,3600.0
2709301,União dos Palmares,2023,censo_escolar,Matrícula,Total,Educação de Jovens e Adultos (EJA),750.0
2709301,União dos Palmares,2023,censo_escolar,Matrícula,Total,Educação Profissional,450.0
2709301,União dos Palmares,2023,indicadores_rendimento,Taxa de Aprovação,Total,Ensino Fundamental,95.50
2707701,Rio Largo,2023,censo_escolar,Matrícula,Total,Educação Infantil,3200.0
2707701,Rio Largo,2023,censo_escolar,Matrícula,Total,Ensino Fundamental,15000.0
2707701,Rio Largo,2023,censo_escolar,Matrícula,Total,Ensino Médio,4800.0
2707701,Rio Largo,2023,censo_escolar,Matrícula,Total,Educação de Jovens e Adultos (EJA),1000.0
2707701,Rio Largo,2023,censo_escolar,Matrícula,Total,Educação Profissional,600.0
2707701,Rio Largo,2023,indicadores_rendimento,Taxa de Aprovação,Total,Ensino Fundamental,96.10
2702405,Delmiro Gouveia,2023,censo_escolar,Matrícula,Total,Educação Infantil,1800.0
2702405,Delmiro Gouveia,2023,censo_escolar,Matrícula,Total,Ensino Fundamental,9000.0
2702405,Delmiro Gouveia,2023,censo_escolar,Matrícula,Total,Ensino Médio,3000.0
2702405,Delmiro Gouveia,2023,censo_escolar,Matrícula,Total,Educação de Jovens e Adultos (EJA),600.0
2702405,Delmiro Gouveia,2023,censo_escolar,Matrícula,Total,Educação Profissional,350.0
2702405,Delmiro Gouveia,2023,indicadores_rendimento,Taxa de Aprovação,Total,Ensino Fundamental,94.80
2709103,São Miguel dos Campos,2023,censo_escolar,Matrícula,Total,Educação Infantil,2100.0
2709103,São Miguel dos Campos,2023,censo_escolar,Matrícula,Total,Ensino Fundamental,10000.0
2709103,São Miguel dos Campos,2023,censo_escolar,Matrícula,Total,Ensino Médio,3300.0
2709103,São Miguel dos Campos,2023,censo_escolar,Matrícula,Total,Educação de Jovens e Adultos (EJA),650.0
2709103,São Miguel dos Campos,2023,censo_escolar,Matrícula,Total,Educação Profissional,400.0
2709103,São Miguel dos Campos,2023,indicadores_rendimento,Taxa de Aprovação,Total,Ensino Fundamental,95.90
2702306,Coruripe,2023,censo_escolar,Matrícula,Total,Educação Infantil,4000.0
2702306,Coruripe,2023,censo_escolar,Matrícula,Total,Ensino Fundamental,9000.0
2702306,Coruripe,2023,censo_escolar,Matrícula,Total,Ensino Médio,3500.0
2702306,Coruripe,2023,censo_escolar,Matrícula,Total,Educação de Jovens e Adultos (EJA),700.0
2702306,Coruripe,2023,censo_escolar,Matrícula,Total,Educação Profissional,15528.0
2702306,Coruripe,2023,indicadores_rendimento,Taxa de Aprovação,Total,Ensino Fundamental,98.03
2704302,Maceió,2010,censo_escolar,Matrícula,Estadual,Educação Infantil,1500.0
2704302,Maceió,2010,censo_escolar,Escolas,Estadual,Educação Infantil,15.0
2704302,Maceió,2010,censo_escolar,Matrícula,Municipal,Educação Infantil,2000.0
2704302,Maceió,2010,censo_escolar,Escolas,Municipal,Educação Infantil,20.0
2704302,Maceió,2010,censo_escolar,Matrícula,Federal,Educação Infantil,0.0
2704302,Maceió,2010,censo_escolar,Escolas,Federal,Educação Infantil,0.0
2704302,Maceió,2010,censo_escolar,Matrícula,Privada,Educação Infantil,1500.0
2704302,Maceió,2010,censo_escolar,Escolas,Privada,Educação Infantil,15.0
2704302,Maceió,2010,censo_escolar,Matrícula,Pública,Educação Infantil,3500.0
2704302,Maceió,2010,censo_escolar,Escolas,Pública,Educação Infantil,35.0
2704302,Maceió,2010,censo_escolar,Matrícula,Total,Educação Infantil,5000.0
2704302,Maceió,2010,censo_escolar,Escolas,Total,Educação Infantil,50.0
2704302,Maceió,2010,censo_escolar,Matrícula,Estadual,Ensino Fundamental,1500.0
2704302,Maceió,2010,censo_escolar,Escolas,Estadual,Ensino Fundamental,15.0
2704302,Maceió,2010,censo_escolar,Matrícula,Municipal,Ensino Fundamental,2000.0
2704302,Maceió,2010,censo_escolar,Escolas,Municipal,Ensino Fundamental,20.0
2704302,Maceió,2010,censo_escolar,Matrícula,Federal,Ensino Fundamental,0.0
2704302,Maceió,2010,censo_escolar,Escolas,Federal,Ensino Fundamental,0.0
2704302,Maceió,2010,censo_escolar,Matrícula,Privada,Ensino Fundamental,1500.0
2704302,Maceió,2010,censo_escolar,Escolas,Privada,Ensino Fundamental,15.0
2704302,Maceió,2010,censo_escolar,Matrícula,Pública,Ensino Fundamental,3500.0
2704302,Maceió,2010,censo_escolar,Escolas,Pública,Ensino Fundamental,35.0
2704302,Maceió,2010,censo_escolar,Matrícula,Total,Ensino Fundamental,5000.0
2704302,Maceió,2010,censo_escolar,Escolas,Total,Ensino Fundamental,50.0
2704302,Maceió,2010,censo_escolar,Matrícula,Estadual,Ensino Médio,1500.0
2704302,Maceió,2010,censo_escolar,Escolas,Estadual,Ensino Médio,15.0
2704302,Maceió,2010,censo_escolar,Matrícula,Municipal,Ensino Médio,2000.0
2704302,Maceió,2010,censo_escolar,Escolas,Municipal,Ensino Médio,20.0
2704302,Maceió,2010,censo_escolar,Matrícula,Federal,Ensino Médio,0.0
2704302,Maceió,2010,censo_escolar,Escolas,Federal,Ensino Médio,0.0
2704302,Maceió,2010,censo_escolar,Matrícula,Privada,Ensino Médio,1500.0
2704302,Maceió,2010,censo_escolar,Escolas,Privada,Ensino Médio,15.0
2704302,Maceió,2010,censo_escolar,Matrícula,Pública,Ensino Médio,3500.0
2704302,Maceió,2010,censo_escolar,Escolas,Pública,Ensino Médio,35.0
2704302,Maceió,2010,censo_escolar,Matrícula,Total,Ensino Médio,5000.0
2704302,Maceió,2010,censo_escolar,Escolas,Total,Ensino Médio,50.0
2704302,Maceió,2010,censo_escolar,Matrícula,Estadual,Educação de Jovens e Adultos (EJA),1500.0
2704302,Maceió,2010,censo_escolar,Escolas,Estadual,Educação de Jovens e Adultos (EJA),15.0
2704302,Maceió,2010,censo_escolar,Matrícula,Municipal,Educação de Jovens e Adultos (EJA),2000.0
2704302,Maceió,2010,censo_escolar,Escolas,Municipal,Educação de Jovens e Adultos (EJA),20.0
2704302,Maceió,2010,censo_escolar,Matrícula,Federal,Educação de Jovens e Adultos (EJA),0.0
2704302,Maceió,2010,censo_escolar,Escolas,Federal,Educação de Jovens e Adultos (EJA),0.0
2704302,Maceió,2010,censo_escolar,Matrícula,Privada,Educação de Jovens e Adultos (EJA),1500.0
2704302,Maceió,2010,censo_escolar,Escolas,Privada,Educação de Jovens e Adultos (EJA),15.0
2704302,Maceió,2010,censo_escolar,Matrícula,Pública,Educação de Jovens e Adultos (EJA),3500.0
2704302,Maceió,2010,censo_escolar,Escolas,Pública,Educação de Jovens e Adultos (EJA),35.0
2704302,Maceió,2010,censo_escolar,Matrícula,Total,Educação de Jovens e Adultos (EJA),5000.0
2704302,Maceió,2010,censo_escolar,Escolas,Total,Educação de Jovens e Adultos (EJA),50.0
2704302,Maceió,2010,censo_escolar,Matrícula,Estadual,Educação Profissional,1500.0
2704302,Maceió,2010,censo_escolar,Escolas,Estadual,Educação Profissional,15.0
2704302,Maceió,2010,censo_escolar,Matrícula,Municipal,Educação Profissional,2000.0
2704302,Maceió,2010,censo_escolar,Escolas,Municipal,Educação Profissional,20.0
2704302,Maceió,2010,censo_escolar,Matrícula,Federal,Educação Profissional,0.0
2704302,Maceió,2010,censo_escolar,Escolas,Federal,Educação Profissional,0.0
2704302,Maceió,2010,censo_escolar,Matrícula,Privada,Educação Profissional,1500.0
2704302,Maceió,2010,censo_escolar,Escolas,Privada,Educação Profissional,15.0
2704302,Maceió,2010,censo_escolar,Matrícula,Pública,Educação Profissional,3500.0
2704302,Maceió,2010,censo_escolar,Escolas,Pública,Educação Profissional,35.0
2704302,Maceió,2010,censo_escolar,Matrícula,Total,Educação Profissional,5000.0
2704302,Maceió,2010,censo_escolar,Escolas,Total,Educação Profissional,50.0
2704302,Maceió,2010,indicadores_rendimento,Taxa de Aprovação,Estadual,Ensino Fundamental,95.00
2704302,Maceió,2010,indicadores_rendimento,Taxa de Reprovação,Estadual,Ensino Fundamental,3.50
2704302,Maceió,2010,indicadores_rendimento,Taxa de Abandono,Estadual,Ensino Fundamental,1.50
2704302,Maceió,2010,indicadores_rendimento,Taxa de Aprovação,Municipal,Ensino Fundamental,95.00
2704302,Maceió,2010,indicadores_rendimento,Taxa de Reprovação,Municipal,Ensino Fundamental,3.50
2704302,Maceió,2010,indicadores_rendimento,Taxa de Abandono,Municipal,Ensino Fundamental,1.50
2704302,Maceió,2010,indicadores_rendimento,Taxa de Aprovação,Federal,Ensino Fundamental,95.00
2704302,Maceió,2010,indicadores_rendimento,Taxa de Reprovação,Federal,Ensino Fundamental,3.50
2704302,Maceió,2010,indicadores_rendimento,Taxa de Abandono,Federal,Ensino Fundamental,1.50
2704302,Maceió,2010,indicadores_rendimento,Taxa de Aprovação,Privada,Ensino Fundamental,95.00
2704302,Maceió,2010,indicadores_rendimento,Taxa de Reprovação,Privada,Ensino Fundamental,3.50
2704302,Maceió,2010,indicadores_rendimento,Taxa de Abandono,Privada,Ensino Fundamental,1.50
2704302,Maceió,2010,indicadores_rendimento,Taxa de Aprovação,Pública,Ensino Fundamental,95.00
2704302,Maceió,2010,indicadores_rendimento,Taxa de Reprovação,Pública,Ensino Fundamental,3.50
2704302,Maceió,2010,indicadores_rendimento,Taxa de Abandono,Pública,Ensino Fundamental,1.50
2704302,Maceió,2010,indicadores_rendimento,Taxa de Aprovação,Total,Ensino Fundamental,95.00
2704302,Maceió,2010,indicadores_rendimento,Taxa de Reprovação,Total,Ensino Fundamental,3.50
2704302,Maceió,2010,indicadores_rendimento,Taxa de Abandono,Total,Ensino Fundamental,1.50
2704302,Maceió,2010,indicadores_rendimento,Taxa de Aprovação,Estadual,Ensino Médio,95.00
2704302,Maceió,2010,indicadores_rendimento,Taxa de Reprovação,Estadual,Ensino Médio,3.50
2704302,Maceió,2010,indicadores_rendimento,Taxa de Abandono,Estadual,Ensino Médio,1.50
2704302,Maceió,2010,indicadores_rendimento,Taxa de Aprovação,Municipal,Ensino Médio,95.00
2704302,Maceió,2010,indicadores_rendimento,Taxa de Reprovação,Municipal,Ensino Médio,3.50
2704302,Maceió,2010,indicadores_rendimento,Taxa de Abandono,Municipal,Ensino Médio,1.50
2704302,Maceió,2010,indicadores_rendimento,Taxa de Aprovação,Federal,Ensino Médio,95.00
2704302,Maceió,2010,indicadores_rendimento,Taxa de Reprovação,Federal,Ensino Médio,3.50
2704302,Maceió,2010,indicadores_rendimento,Taxa de Abandono,Federal,Ensino Médio,1.50
2704302,Maceió,2010,indicadores_rendimento,Taxa de Aprovação,Privada,Ensino Médio,95.00
2704302,Maceió,2010,indicadores_rendimento,Taxa de Reprovação,Privada,Ensino Médio,3.50
2704302,Maceió,2010,indicadores_rendimento,Taxa de Abandono,Privada,Ensino Médio,1.50
2704302,Maceió,2010,indicadores_rendimento,Taxa de Aprovação,Pública,Ensino Médio,95.00
2704302,Maceió,2010,indicadores_rendimento,Taxa de Reprovação,Pública,Ensino Médio,3.50
2704302,Maceió,2010,indicadores_rendimento,Taxa de Abandono,Pública,Ensino Médio,1.50
2704302,Maceió,2010,indicadores_rendimento,Taxa de Aprovação,Total,Ensino Médio,95.00
2704302,Maceió,2010,indicadores_rendimento,Taxa de Reprovação,Total,Ensino Médio,3.50
2704302,Maceió,2010,indicadores_rendimento,Taxa de Abandono,Total,Ensino Médio,1.50
2704302,Maceió,2010,censo_demografico,Pessoas Alfabetizadas,Não se aplica,Pessoas de 15 anos ou mais de idade,793260.0
2704302,Maceió,2010,censo_demografico,Pessoas Total,Não se aplica,Pessoas de 15 anos ou mais de idade,900000.0
2704302,Maceió,2010,censo_demografico,Taxa de Alfabetização,Não se aplica,Pessoas de 15 anos ou mais de idade,88.14
2704302,Maceió,2019,censo_escolar,Matrícula,Estadual,Educação Infantil,1590.0
2704302,Maceió,2019,censo_escolar,Escolas,Estadual,Educação Infantil,15.0
2704302,Maceió,2019,censo_escolar,Matrícula,Municipal,Educação Infantil,2000.0
2704302,Maceió,2019,censo_escolar,Escolas,Municipal,Educação Infantil,20.0
2704302,Maceió,2019,censo_escolar,Matrícula,Federal,Educação Infantil,0.0
2704302,Maceió,2019,censo_escolar,Escolas,Federal,Educação Infantil,0.0
2704302,Maceió,2019,censo_escolar,Matrícula,Privada,Educação Infantil,1500.0
2704302,Maceió,2019,censo_escolar,Escolas,Privada,Educação Infantil,15.0
2704302,Maceió,2019,censo_escolar,Matrícula,Pública,Educação Infantil,3590.0
2704302,Maceió,2019,censo_escolar,Escolas,Pública,Educação Infantil,35.0
2704302,Maceió,2019,censo_escolar,Matrícula,Total,Educação Infantil,5090.0
2704302,Maceió,2019,censo_escolar,Escolas,Total,Educação Infantil,50.0
2704302,Maceió,2019,censo_escolar,Matrícula,Estadual,Ensino Fundamental,1590.0
2704302,Maceió,2019,censo_escolar,Escolas,Estadual,Ensino Fundamental,15.0
2704302,Maceió,2019,censo_escolar,Matrícula,Municipal,Ensino Fundamental,2000.0
2704302,Maceió,2019,censo_escolar,Escolas,Municipal,Ensino Fundamental,20.0
2704302,Maceió,2019,censo_escolar,Matrícula,Federal,Ensino Fundamental,0.0
2704302,Maceió,2019,censo_escolar,Escolas,Federal,Ensino Fundamental,0.0
2704302,Maceió,2019,censo_escolar,Matrícula,Privada,Ensino Fundamental,1500.0
2704302,Maceió,2019,censo_escolar,Escolas,Privada,Ensino Fundamental,15.0
2704302,Maceió,2019,censo_escolar,Matrícula,Pública,Ensino Fundamental,3590.0
2704302,Maceió,2019,censo_escolar,Escolas,Pública,Ensino Fundamental,35.0
2704302,Maceió,2019,censo_escolar,Matrícula,Total,Ensino Fundamental,5090.0
2704302,Maceió,2019,censo_escolar,Escolas,Total,Ensino Fundamental,50.0
2704302,Maceió,2019,censo_escolar,Matrícula,Estadual,Ensino Médio,1590.0
2704302,Maceió,2019,censo_escolar,Escolas,Estadual,Ensino Médio,15.0
2704302,Maceió,2019,censo_escolar,Matrícula,Municipal,Ensino Médio,2000.0
2704302,Maceió,2019,censo_escolar,Escolas,Municipal,Ensino Médio,20.0
2704302,Maceió,2019,censo_escolar,Matrícula,Federal,Ensino Médio,0.0
2704302,Maceió,2019,censo_escolar,Escolas,Federal,Ensino Médio,0.0
2704302,Maceió,2019,censo_escolar,Matrícula,Privada,Ensino Médio,1500.0
2704302,Maceió,2019,censo_escolar,Escolas,Privada,Ensino Médio,15.0
2704302,Maceió,2019,censo_escolar,Matrícula,Pública,Ensino Médio,3590.0
2704302,Maceió,2019,censo_escolar,Escolas,Pública,Ensino Médio,35.0
2704302,Maceió,2019,censo_escolar,Matrícula,Total,Ensino Médio,5090.0
2704302,Maceió,2019,censo_escolar,Escolas,Total,Ensino Médio,50.0
2704302,Maceió,2019,censo_escolar,Matrícula,Estadual,Educação de Jovens e Adultos (EJA),1590.0
2704302,Maceió,2019,censo_escolar,Escolas,Estadual,Educação de Jovens e Adultos (EJA),15.0
2704302,Maceió,2019,censo_escolar,Matrícula,Municipal,Educação de Jovens e Adultos (EJA),2000.0
2704302,Maceió,2019,censo_escolar,Escolas,Municipal,Educação de Jovens e Adultos (EJA),20.0
2704302,Maceió,2019,censo_escolar,Matrícula,Federal,Educação de Jovens e Adultos (EJA),0.0
2704302,Maceió,2019,censo_escolar,Escolas,Federal,Educação de Jovens e Adultos (EJA),0.0
2704302,Maceió,2019,censo_escolar,Matrícula,Privada,Educação de Jovens e Adultos (EJA),1500.0
2704302,Maceió,2019,censo_escolar,Escolas,Privada,Educação de Jovens e Adultos (EJA),15.0
2704302,Maceió,2019,censo_escolar,Matrícula,Pública,Educação de Jovens e Adultos (EJA),3590.0
2704302,Maceió,2019,censo_escolar,Escolas,Pública,Educação de Jovens e Adultos (EJA),35.0
2704302,Maceió,2019,censo_escolar,Matrícula,Total,Educação de Jovens e Adultos (EJA),5090.0
2704302,Maceió,2019,censo_escolar,Escolas,Total,Educação de Jovens e Adultos (EJA),50.0
2704302,Maceió,2019,censo_escolar,Matrícula,Estadual,Educação Profissional,1590.0
2704302,Maceió,2019,censo_escolar,Escolas,Estadual,Educação Profissional,15.0
2704302,Maceió,2019,censo_escolar,Matrícula,Municipal,Educação Profissional,2000.0
2704302,Maceió,2019,censo_escolar,Escolas,Municipal,Educação Profissional,20.0
2704302,Maceió,2019,censo_escolar,Matrícula,Federal,Educação Profissional,0.0
2704302,Maceió,2019,censo_escolar,Escolas,Federal,Educação Profissional,0.0
2704302,Maceió,2019,censo_escolar,Matrícula,Privada,Educação Profissional,1500.0
2704302,Maceió,2019,censo_escolar,Escolas,Privada,Educação Profissional,15.0
2704302,Maceió,2019,censo_escolar,Matrícula,Pública,Educação Profissional,3590.0
2704302,Maceió,2019,censo_escolar,Escolas,Pública,Educação Profissional,35.0
2704302,Maceió,2019,censo_escolar,Matrícula,Total,Educação Profissional,5090.0
2704302,Maceió,2019,censo_escolar,Escolas,Total,Educação Profissional,50.0
2704302,Maceió,2019,indicadores_rendimento,Taxa de Aprovação,Estadual,Ensino Fundamental,95.00
2704302,Maceió,2019,indicadores_rendimento,Taxa de Reprovação,Estadual,Ensino Fundamental,3.50
2704302,Maceió,2019,indicadores_rendimento,Taxa de Abandono,Estadual,Ensino Fundamental,1.50
2704302,Maceió,2019,indicadores_rendimento,Taxa de Aprovação,Municipal,Ensino Fundamental,95.00
2704302,Maceió,2019,indicadores_rendimento,Taxa de Reprovação,Municipal,Ensino Fundamental,3.50
2704302,Maceió,2019,indicadores_rendimento,Taxa de Abandono,Municipal,Ensino Fundamental,1.50
2704302,Maceió,2019,indicadores_rendimento,Taxa de Aprovação,Federal,Ensino Fundamental,95.00
2704302,Maceió,2019,indicadores_rendimento,Taxa de Reprovação,Federal,Ensino Fundamental,3.50
2704302,Maceió,2019,indicadores_rendimento,Taxa de Abandono,Federal,Ensino Fundamental,1.50
2704302,Maceió,2019,indicadores_rendimento,Taxa de Aprovação,Privada,Ensino Fundamental,95.00
2704302,Maceió,2019,indicadores_rendimento,Taxa de Reprovação,Privada,Ensino Fundamental,3.50
2704302,Maceió,2019,indicadores_rendimento,Taxa de Abandono,Privada,Ensino Fundamental,1.50
2704302,Maceió,2019,indicadores_rendimento,Taxa de Aprovação,Pública,Ensino Fundamental,95.00
2704302,Maceió,2019,indicadores_rendimento,Taxa de Reprovação,Pública,Ensino Fundamental,3.50
2704302,Maceió,2019,indicadores_rendimento,Taxa de Abandono,Pública,Ensino Fundamental,1.50
2704302,Maceió,2019,indicadores_rendimento,Taxa de Aprovação,Total,Ensino Fundamental,95.00
2704302,Maceió,2019,indicadores_rendimento,Taxa de Reprovação,Total,Ensino Fundamental,3.50
2704302,Maceió,2019,indicadores_rendimento,Taxa de Abandono,Total,Ensino Fundamental,1.50
2704302,Maceió,2019,indicadores_rendimento,Taxa de Aprovação,Estadual,Ensino Médio,95.00
2704302,Maceió,2019,indicadores_rendimento,Taxa de Reprovação,Estadual,Ensino Médio,3.50
2704302,Maceió,2019,indicadores_rendimento,Taxa de Abandono,Estadual,Ensino Médio,1.50
2704302,Maceió,2019,indicadores_rendimento,Taxa de Aprovação,Municipal,Ensino Médio,95.00
2704302,Maceió,2019,indicadores_rendimento,Taxa de Reprovação,Municipal,Ensino Médio,3.50
2704302,Maceió,2019,indicadores_rendimento,Taxa de Abandono,Municipal,Ensino Médio,1.50
2704302,Maceió,2019,indicadores_rendimento,Taxa de Aprovação,Federal,Ensino Médio,95.00
2704302,Maceió,2019,indicadores_rendimento,Taxa de Reprovação,Federal,Ensino Médio,3.50
2704302,Maceió,2019,indicadores_rendimento,Taxa de Abandono,Federal,Ensino Médio,1.50
2704302,Maceió,2019,indicadores_rendimento,Taxa de Aprovação,Privada,Ensino Médio,95.00
2704302,Maceió,2019,indicadores_rendimento,Taxa de Reprovação,Privada,Ensino Médio,3.50
2704302,Maceió,2019,indicadores_rendimento,Taxa de Abandono,Privada,Ensino Médio,1.50
2704302,Maceió,2019,indicadores_rendimento,Taxa de Aprovação,Pública,Ensino Médio,95.00
2704302,Maceió,2019,indicadores_rendimento,Taxa de Reprovação,Pública,Ensino Médio,3.50
2704302,Maceió,2019,indicadores_rendimento,Taxa de Abandono,Pública,Ensino Médio,1.50
2704302,Maceió,2019,indicadores_rendimento,Taxa de Aprovação,Total,Ensino Médio,95.00
2704302,Maceió,2019,indicadores_rendimento,Taxa de Reprovação,Total,Ensino Médio,3.50
2704302,Maceió,2019,indicadores_rendimento,Taxa de Abandono,Total,Ensino Médio,1.50
2704302,Maceió,2021,censo_escolar,Matrícula,Estadual,Educação Infantil,1610.0
2704302,Maceió,2021,censo_escolar,Escolas,Estadual,Educação Infantil,15.0
2704302,Maceió,2021,censo_escolar,Matrícula,Municipal,Educação Infantil,2000.0
2704302,Maceió,2021,censo_escolar,Escolas,Municipal,Educação Infantil,20.0
2704302,Maceió,2021,censo_escolar,Matrícula,Federal,Educação Infantil,0.0
2704302,Maceió,2021,censo_escolar,Escolas,Federal,Educação Infantil,0.0
2704302,Maceió,2021,censo_escolar,Matrícula,Privada,Educação Infantil,1500.0
2704302,Maceió,2021,censo_escolar,Escolas,Privada,Educação Infantil,15.0
2704302,Maceió,2021,censo_escolar,Matrícula,Pública,Educação Infantil,3610.0
2704302,Maceió,2021,censo_escolar,Escolas,Pública,Educação Infantil,35.0
2704302,Maceió,2021,censo_escolar,Matrícula,Total,Educação Infantil,5110.0
2704302,Maceió,2021,censo_escolar,Escolas,Total,Educação Infantil,50.0
2704302,Maceió,2021,censo_escolar,Matrícula,Estadual,Ensino Fundamental,1610.0
2704302,Maceió,2021,censo_escolar,Escolas,Estadual,Ensino Fundamental,15.0
2704302,Maceió,2021,censo_escolar,Matrícula,Municipal,Ensino Fundamental,2000.0
2704302,Maceió,2021,censo_escolar,Escolas,Municipal,Ensino Fundamental,20.0
2704302,Maceió,2021,censo_escolar,Matrícula,Federal,Ensino Fundamental,0.0
2704302,Maceió,2021,censo_escolar,Escolas,Federal,Ensino Fundamental,0.0
2704302,Maceió,2021,censo_escolar,Matrícula,Privada,Ensino Fundamental,1500.0
2704302,Maceió,2021,censo_escolar,Escolas,Privada,Ensino Fundamental,15.0
2704302,Maceió,2021,censo_escolar,Matrícula,Pública,Ensino Fundamental,3610.0
2704302,Maceió,2021,censo_escolar,Escolas,Pública,Ensino Fundamental,35.0
2704302,Maceió,2021,censo_escolar,Matrícula,Total,Ensino Fundamental,5110.0
2704302,Maceió,2021,censo_escolar,Escolas,Total,Ensino Fundamental,50.0
2704302,Maceió,2021,censo_escolar,Matrícula,Estadual,Ensino Médio,1610.0
2704302,Maceió,2021,censo_escolar,Escolas,Estadual,Ensino Médio,15.0
2704302,Maceió,2021,censo_escolar,Matrícula,Municipal,Ensino Médio,2000.0
2704302,Maceió,2021,censo_escolar,Escolas,Municipal,Ensino Médio,20.0
2704302,Maceió,2021,censo_escolar,Matrícula,Federal,Ensino Médio,0.0
2704302,Maceió,2021,censo_escolar,Escolas,Federal,Ensino Médio,0.0
2704302,Maceió,2021,censo_escolar,Matrícula,Privada,Ensino Médio,1500.0
2704302,Maceió,2021,censo_escolar,Escolas,Privada,Ensino Médio,15.0
2704302,Maceió,2021,censo_escolar,Matrícula,Pública,Ensino Médio,3610.0
2704302,Maceió,2021,censo_escolar,Escolas,Pública,Ensino Médio,35.0
2704302,Maceió,2021,censo_escolar,Matrícula,Total,Ensino Médio,5110.0
2704302,Maceió,2021,censo_escolar,Escolas,Total,Ensino Médio,50.0
2704302,Maceió,2021,censo_escolar,Matrícula,Estadual,Educação de Jovens e Adultos (EJA),1610.0
2704302,Maceió,2021,censo_escolar,Escolas,Estadual,Educação de Jovens e Adultos (EJA),15.0
2704302,Maceió,2021,censo_escolar,Matrícula,Municipal,Educação de Jovens e Adultos (EJA),2000.0
2704302,Maceió,2021,censo_escolar,Escolas,Municipal,Educação de Jovens e Adultos (EJA),20.0
2704302,Maceió,2021,censo_escolar,Matrícula,Federal,Educação de Jovens e Adultos (EJA),0.0
2704302,Maceió,2021,censo_escolar,Escolas,Federal,Educação de Jovens e Adultos (EJA),0.0
2704302,Maceió,2021,censo_escolar,Matrícula,Privada,Educação de Jovens e Adultos (EJA),1500.0
2704302,Maceió,2021,censo_escolar,Escolas,Privada,Educação de Jovens e Adultos (EJA),15.0
2704302,Maceió,2021,censo_escolar,Matrícula,Pública,Educação de Jovens e Adultos (EJA),3610.0
2704302,Maceió,2021,censo_escolar,Escolas,Pública,Educação de Jovens e Adultos (EJA),35.0
2704302,Maceió,2021,censo_escolar,Matrícula,Total,Educação de Jovens e Adultos (EJA),5110.0
2704302,Maceió,2021,censo_escolar,Escolas,Total,Educação de Jovens e Adultos (EJA),50.0
2704302,Maceió,2021,censo_escolar,Matrícula,Estadual,Educação Profissional,1610.0
2704302,Maceió,2021,censo_escolar,Escolas,Estadual,Educação Profissional,15.0
2704302,Maceió,2021,censo_escolar,Matrícula,Municipal,Educação Profissional,2000.0
2704302,Maceió,2021,censo_escolar,Escolas,Municipal,Educação Profissional,20.0
2704302,Maceió,2021,censo_escolar,Matrícula,Federal,Educação Profissional,0.0
2704302,Maceió,2021,censo_escolar,Escolas,Federal,Educação Profissional,0.0
2704302,Maceió,2021,censo_escolar,Matrícula,Privada,Educação Profissional,1500.0
2704302,Maceió,2021,censo_escolar,Escolas,Privada,Educação Profissional,15.0
2704302,Maceió,2021,censo_escolar,Matrícula,Pública,Educação Profissional,3610.0
2704302,Maceió,2021,censo_escolar,Escolas,Pública,Educação Profissional,35.0
2704302,Maceió,2021,censo_escolar,Matrícula,Total,Educação Profissional,5110.0
2704302,Maceió,2021,censo_escolar,Escolas,Total,Educação Profissional,50.0
2704302,Maceió,2021,indicadores_rendimento,Taxa de Aprovação,Estadual,Ensino Fundamental,95.00
2704302,Maceió,2021,indicadores_rendimento,Taxa de Reprovação,Estadual,Ensino Fundamental,3.50
2704302,Maceió,2021,indicadores_rendimento,Taxa de Abandono,Estadual,Ensino Fundamental,1.50
2704302,Maceió,2021,indicadores_rendimento,Taxa de Aprovação,Municipal,Ensino Fundamental,95.00
2704302,Maceió,2021,indicadores_rendimento,Taxa de Reprovação,Municipal,Ensino Fundamental,3.50
2704302,Maceió,2021,indicadores_rendimento,Taxa de Abandono,Municipal,Ensino Fundamental,1.50
2704302,Maceió,2021,indicadores_rendimento,Taxa de Aprovação,Federal,Ensino Fundamental,95.00
2704302,Maceió,2021,indicadores_rendimento,Taxa de Reprovação,Federal,Ensino Fundamental,3.50
2704302,Maceió,2021,indicadores_rendimento,Taxa de Abandono,Federal,Ensino Fundamental,1.50
2704302,Maceió,2021,indicadores_rendimento,Taxa de Aprovação,Privada,Ensino Fundamental,95.00
2704302,Maceió,2021,indicadores_rendimento,Taxa de Reprovação,Privada,Ensino Fundamental,3.50
2704302,Maceió,2021,indicadores_rendimento,Taxa de Abandono,Privada,Ensino Fundamental,1.50
2704302,Maceió,2021,indicadores_rendimento,Taxa de Aprovação,Pública,Ensino Fundamental,95.00
2704302,Maceió,2021,indicadores_rendimento,Taxa de Reprovação,Pública,Ensino Fundamental,3.50
2704302,Maceió,2021,indicadores_rendimento,Taxa de Abandono,Pública,Ensino Fundamental,1.50
2704302,Maceió,2021,indicadores_rendimento,Taxa de Aprovação,Total,Ensino Fundamental,95.00
2704302,Maceió,2021,indicadores_rendimento,Taxa de Reprovação,Total,Ensino Fundamental,3.50
2704302,Maceió,2021,indicadores_rendimento,Taxa de Abandono,Total,Ensino Fundamental,1.50
2704302,Maceió,2021,indicadores_rendimento,Taxa de Aprovação,Estadual,Ensino Médio,95.00
2704302,Maceió,2021,indicadores_rendimento,Taxa de Reprovação,Estadual,Ensino Médio,3.50
2704302,Maceió,2021,indicadores_rendimento,Taxa de Abandono,Estadual,Ensino Médio,1.50
2704302,Maceió,2021,indicadores_rendimento,Taxa de Aprovação,Municipal,Ensino Médio,95.00
2704302,Maceió,2021,indicadores_rendimento,Taxa de Reprovação,Municipal,Ensino Médio,3.50
2704302,Maceió,2021,indicadores_rendimento,Taxa de Abandono,Municipal,Ensino Médio,1.50
2704302,Maceió,2021,indicadores_rendimento,Taxa de Aprovação,Federal,Ensino Médio,95.00
2704302,Maceió,2021,indicadores_rendimento,Taxa de Reprovação,Federal,Ensino Médio,3.50
2704302,Maceió,2021,indicadores_rendimento,Taxa de Abandono,Federal,Ensino Médio,1.50
2704302,Maceió,2021,indicadores_rendimento,Taxa de Aprovação,Privada,Ensino Médio,95.00
2704302,Maceió,2021,indicadores_rendimento,Taxa de Reprovação,Privada,Ensino Médio,3.50
2704302,Maceió,2021,indicadores_rendimento,Taxa de Abandono,Privada,Ensino Médio,1.50
2704302,Maceió,2021,indicadores_rendimento,Taxa de Aprovação,Pública,Ensino Médio,95.00
2704302,Maceió,2021,indicadores_rendimento,Taxa de Reprovação,Pública,Ensino Médio,3.50
2704302,Maceió,2021,indicadores_rendimento,Taxa de Abandono,Pública,Ensino Médio,1.50
2704302,Maceió,2021,indicadores_rendimento,Taxa de Aprovação,Total,Ensino Médio,95.00
2704302,Maceió,2021,indicadores_rendimento,Taxa de Reprovação,Total,Ensino Médio,3.50
2704302,Maceió,2021,indicadores_rendimento,Taxa de Abandono,Total,Ensino Médio,1.50
2704302,Maceió,2022,censo_escolar,Matrícula,Estadual,Educação Infantil,1620.0
2704302,Maceió,2022,censo_escolar,Escolas,Estadual,Educação Infantil,15.0
2704302,Maceió,2022,censo_escolar,Matrícula,Municipal,Educação Infantil,2000.0
2704302,Maceió,2022,censo_escolar,Escolas,Municipal,Educação Infantil,20.0
2704302,Maceió,2022,censo_escolar,Matrícula,Federal,Educação Infantil,0.0
2704302,Maceió,2022,censo_escolar,Escolas,Federal,Educação Infantil,0.0
2704302,Maceió,2022,censo_escolar,Matrícula,Privada,Educação Infantil,1500.0
2704302,Maceió,2022,censo_escolar,Escolas,Privada,Educação Infantil,15.0
2704302,Maceió,2022,censo_escolar,Matrícula,Pública,Educação Infantil,3620.0
2704302,Maceió,2022,censo_escolar,Escolas,Pública,Educação Infantil,35.0
2704302,Maceió,2022,censo_escolar,Matrícula,Total,Educação Infantil,5120.0
2704302,Maceió,2022,censo_escolar,Escolas,Total,Educação Infantil,50.0
2704302,Maceió,2022,censo_escolar,Matrícula,Estadual,Ensino Fundamental,1620.0
2704302,Maceió,2022,censo_escolar,Escolas,Estadual,Ensino Fundamental,15.0
2704302,Maceió,2022,censo_escolar,Matrícula,Municipal,Ensino Fundamental,2000.0
2704302,Maceió,2022,censo_escolar,Escolas,Municipal,Ensino Fundamental,20.0
2704302,Maceió,2022,censo_escolar,Matrícula,Federal,Ensino Fundamental,0.0
2704302,Maceió,2022,censo_escolar,Escolas,Federal,Ensino Fundamental,0.0
2704302,Maceió,2022,censo_escolar,Matrícula,Privada,Ensino Fundamental,1500.0
2704302,Maceió,2022,censo_escolar,Escolas,Privada,Ensino Fundamental,15.0
2704302,Maceió,2022,censo_escolar,Matrícula,Pública,Ensino Fundamental,3620.0
2704302,Maceió,2022,censo_escolar,Escolas,Pública,Ensino Fundamental,35.0
2704302,Maceió,2022,censo_escolar,Matrícula,Total,Ensino Fundamental,5120.0
2704302,Maceió,2022,censo_escolar,Escolas,Total,Ensino Fundamental,50.0
2704302,Maceió,2022,censo_escolar,Matrícula,Estadual,Ensino Médio,1620.0
2704302,Maceió,2022,censo_escolar,Escolas,Estadual,Ensino Médio,15.0
2704302,Maceió,2022,censo_escolar,Matrícula,Municipal,Ensino Médio,2000.0
2704302,Maceió,2022,censo_escolar,Escolas,Municipal,Ensino Médio,20.0
2704302,Maceió,2022,censo_escolar,Matrícula,Federal,Ensino Médio,0.0
2704302,Maceió,2022,censo_escolar,Escolas,Federal,Ensino Médio,0.0
2704302,Maceió,2022,censo_escolar,Matrícula,Privada,Ensino Médio,1500.0
2704302,Maceió,2022,censo_escolar,Escolas,Privada,Ensino Médio,15.0
2704302,Maceió,2022,censo_escolar,Matrícula,Pública,Ensino Médio,3620.0
2704302,Maceió,2022,censo_escolar,Escolas,Pública,Ensino Médio,35.0
2704302,Maceió,2022,censo_escolar,Matrícula,Total,Ensino Médio,5120.0
2704302,Maceió,2022,censo_escolar,Escolas,Total,Ensino Médio,50.0
2704302,Maceió,2022,censo_escolar,Matrícula,Estadual,Educação de Jovens e Adultos (EJA),1620.0
2704302,Maceió,2022,censo_escolar,Escolas,Estadual,Educação de Jovens e Adultos (EJA),15.0
2704302,Maceió,2022,censo_escolar,Matrícula,Municipal,Educação de Jovens e Adultos (EJA),2000.0
2704302,Maceió,2022,censo_escolar,Escolas,Municipal,Educação de Jovens e Adultos (EJA),20.0
2704302,Maceió,2022,censo_escolar,Matrícula,Federal,Educação de Jovens e Adultos (EJA),0.0
2704302,Maceió,2022,censo_escolar,Escolas,Federal,Educação de Jovens e Adultos (EJA),0.0
2704302,Maceió,2022,censo_escolar,Matrícula,Privada,Educação de Jovens e Adultos (EJA),1500.0
2704302,Maceió,2022,censo_escolar,Escolas,Privada,Educação de Jovens e Adultos (EJA),15.0
2704302,Maceió,2022,censo_escolar,Matrícula,Pública,Educação de Jovens e Adultos (EJA),3620.0
2704302,Maceió,2022,censo_escolar,Escolas,Pública,Educação de Jovens e Adultos (EJA),35.0
2704302,Maceió,2022,censo_escolar,Matrícula,Total,Educação de Jovens e Adultos (EJA),5120.0
2704302,Maceió,2022,censo_escolar,Escolas,Total,Educação de Jovens e Adultos (EJA),50.0
2704302,Maceió,2022,censo_escolar,Matrícula,Estadual,Educação Profissional,1620.0
2704302,Maceió,2022,censo_escolar,Escolas,Estadual,Educação Profissional,15.0
2704302,Maceió,2022,censo_escolar,Matrícula,Municipal,Educação Profissional,2000.0
2704302,Maceió,2022,censo_escolar,Escolas,Municipal,Educação Profissional,20.0
2704302,Maceió,2022,censo_escolar,Matrícula,Federal,Educação Profissional,0.0
2704302,Maceió,2022,censo_escolar,Escolas,Federal,Educação Profissional,0.0
2704302,Maceió,2022,censo_escolar,Matrícula,Privada,Educação Profissional,1500.0
2704302,Maceió,2022,censo_escolar,Escolas,Privada,Educação Profissional,15.0
2704302,Maceió,2022,censo_escolar,Matrícula,Pública,Educação Profissional,3620.0
2704302,Maceió,2022,censo_escolar,Escolas,Pública,Educação Profissional,35.0
2704302,Maceió,2022,censo_escolar,Matrícula,Total,Educação Profissional,5120.0
2704302,Maceió,2022,censo_escolar,Escolas,Total,Educação Profissional,50.0
2704302,Maceió,2022,indicadores_rendimento,Taxa de Aprovação,Estadual,Ensino Fundamental,95.00
2704302,Maceió,2022,indicadores_rendimento,Taxa de Reprovação,Estadual,Ensino Fundamental,3.50
2704302,Maceió,2022,indicadores_rendimento,Taxa de Abandono,Estadual,Ensino Fundamental,1.50
2704302,Maceió,2022,indicadores_rendimento,Taxa de Aprovação,Municipal,Ensino Fundamental,95.00
2704302,Maceió,2022,indicadores_rendimento,Taxa de Reprovação,Municipal,Ensino Fundamental,3.50
2704302,Maceió,2022,indicadores_rendimento,Taxa de Abandono,Municipal,Ensino Fundamental,1.50
2704302,Maceió,2022,indicadores_rendimento,Taxa de Aprovação,Federal,Ensino Fundamental,95.00
2704302,Maceió,2022,indicadores_rendimento,Taxa de Reprovação,Federal,Ensino Fundamental,3.50
2704302,Maceió,2022,indicadores_rendimento,Taxa de Abandono,Federal,Ensino Fundamental,1.50
2704302,Maceió,2022,indicadores_rendimento,Taxa de Aprovação,Privada,Ensino Fundamental,95.00
2704302,Maceió,2022,indicadores_rendimento,Taxa de Reprovação,Privada,Ensino Fundamental,3.50
2704302,Maceió,2022,indicadores_rendimento,Taxa de Abandono,Privada,Ensino Fundamental,1.50
2704302,Maceió,2022,indicadores_rendimento,Taxa de Aprovação,Pública,Ensino Fundamental,95.00
2704302,Maceió,2022,indicadores_rendimento,Taxa de Reprovação,Pública,Ensino Fundamental,3.50
2704302,Maceió,2022,indicadores_rendimento,Taxa de Abandono,Pública,Ensino Fundamental,1.50
2704302,Maceió,2022,indicadores_rendimento,Taxa de Aprovação,Total,Ensino Fundamental,95.00
2704302,Maceió,2022,indicadores_rendimento,Taxa de Reprovação,Total,Ensino Fundamental,3.50
2704302,Maceió,2022,indicadores_rendimento,Taxa de Abandono,Total,Ensino Fundamental,1.50
2704302,Maceió,2022,indicadores_rendimento,Taxa de Aprovação,Estadual,Ensino Médio,95.00
2704302,Maceió,2022,indicadores_rendimento,Taxa de Reprovação,Estadual,Ensino Médio,3.50
2704302,Maceió,2022,indicadores_rendimento,Taxa de Abandono,Estadual,Ensino Médio,1.50
2704302,Maceió,2022,indicadores_rendimento,Taxa de Aprovação,Municipal,Ensino Médio,95.00
2704302,Maceió,2022,indicadores_rendimento,Taxa de Reprovação,Municipal,Ensino Médio,3.50
2704302,Maceió,2022,indicadores_rendimento,Taxa de Abandono,Municipal,Ensino Médio,1.50
2704302,Maceió,2022,indicadores_rendimento,Taxa de Aprovação,Federal,Ensino Médio,95.00
2704302,Maceió,2022,indicadores_rendimento,Taxa de Reprovação,Federal,Ensino Médio,3.50
2704302,Maceió,2022,indicadores_rendimento,Taxa de Abandono,Federal,Ensino Médio,1.50
2704302,Maceió,2022,indicadores_rendimento,Taxa de Aprovação,Privada,Ensino Médio,95.00
2704302,Maceió,2022,indicadores_rendimento,Taxa de Reprovação,Privada,Ensino Médio,3.50
2704302,Maceió,2022,indicadores_rendimento,Taxa de Abandono,Privada,Ensino Médio,1.50
2704302,Maceió,2022,indicadores_rendimento,Taxa de Aprovação,Pública,Ensino Médio,95.00
2704302,Maceió,2022,indicadores_rendimento,Taxa de Reprovação,Pública,Ensino Médio,3.50
2704302,Maceió,2022,indicadores_rendimento,Taxa de Abandono,Pública,Ensino Médio,1.50
2704302,Maceió,2022,indicadores_rendimento,Taxa de Aprovação,Total,Ensino Médio,95.00
2704302,Maceió,2022,indicadores_rendimento,Taxa de Reprovação,Total,Ensino Médio,3.50
2704302,Maceió,2022,indicadores_rendimento,Taxa de Abandono,Total,Ensino Médio,1.50
2704302,Maceió,2022,censo_demografico,Pessoas Alfabetizadas,Não se aplica,Pessoas de 15 anos ou mais de idade,824220.0
2704302,Maceió,2022,censo_demografico,Pessoas Total,Não se aplica,Pessoas de 15 anos ou mais de idade,900000.0
2704302,Maceió,2022,censo_demografico,Taxa de Alfabetização,Não se aplica,Pessoas de 15 anos ou mais de idade,91.58
2704302,Maceió,2023,censo_escolar,Matrícula,Estadual,Educação Infantil,7200.0
2704302,Maceió,2023,censo_escolar,Escolas,Estadual,Educação Infantil,15.0
2704302,Maceió,2023,censo_escolar,Matrícula,Municipal,Educação Infantil,8400.0
2704302,Maceió,2023,censo_escolar,Escolas,Municipal,Educação Infantil,20.0
2704302,Maceió,2023,censo_escolar,Matrícula,Federal,Educação Infantil,0.0
2704302,Maceió,2023,censo_escolar,Escolas,Federal,Educação Infantil,0.0
2704302,Maceió,2023,censo_escolar,Matrícula,Privada,Educação Infantil,8400.0
2704302,Maceió,2023,censo_escolar,Escolas,Privada,Educação Infantil,15.0
2704302,Maceió,2023,censo_escolar,Matrícula,Pública,Educação Infantil,15600.0
2704302,Maceió,2023,censo_escolar,Escolas,Pública,Educação Infantil,35.0
2704302,Maceió,2023,censo_escolar,Escolas,Total,Educação Infantil,50.0
2704302,Maceió,2023,censo_escolar,Escolas,Estadual,Ensino Fundamental,15.0
2704302,Maceió,2023,censo_escolar,Escolas,Municipal,Ensino Fundamental,20.0
2704302,Maceió,2023,censo_escolar,Escolas,Federal,Ensino Fundamental,0.0
2704302,Maceió,2023,censo_escolar,Escolas,Privada,Ensino Fundamental,15.0
2704302,Maceió,2023,censo_escolar,Escolas,Pública,Ensino Fundamental,35.0
2704302,Maceió,2023,censo_escolar,Escolas,Total,Ensino Fundamental,50.0
2704302,Maceió,2023,censo_escolar,Matrícula,Estadual,Ensino Médio,9600.0
2704302,Maceió,2023,censo_escolar,Escolas,Estadual,Ensino Médio,15.0
2704302,Maceió,2023,censo_escolar,Matrícula,Municipal,Ensino Médio,11200.0
2704302,Maceió,2023,censo_escolar,Escolas,Municipal,Ensino Médio,20.0
2704302,Maceió,2023,censo_escolar,Matrícula,Federal,Ensino Médio,0.0
2704302,Maceió,2023,censo_escolar,Escolas,Federal,Ensino Médio,0.0
2704302,Maceió,2023,censo_escolar,Matrícula,Privada,Ensino Médio,11200.0
2704302,Maceió,2023,censo_escolar,Escolas,Privada,Ensino Médio,15.0
2704302,Maceió,2023,censo_escolar,Matrícula,Pública,Ensino Médio,20800.0
2704302,Maceió,2023,censo_escolar,Escolas,Pública,Ensino Médio,35.0
2704302,Maceió,2023,censo_escolar,Escolas,Total,Ensino Médio,50.0
2704302,Maceió,2023,censo_escolar,Matrícula,Estadual,Educação de Jovens e Adultos (EJA),1800.0
2704302,Maceió,2023,censo_escolar,Escolas,Estadual,Educação de Jovens e Adultos (EJA),15.0
2704302,Maceió,2023,censo_escolar,Matrícula,Municipal,Educação de Jovens e Adultos (EJA),2100.0
2704302,Maceió,2023,censo_escolar,Escolas,Municipal,Educação de Jovens e Adultos (EJA),20.0
2704302,Maceió,2023,censo_escolar,Matrícula,Federal,Educação de Jovens e Adultos (EJA),0.0
2704302,Maceió,2023,censo_escolar,Escolas,Federal,Educação de Jovens e Adultos (EJA),0.0
2704302,Maceió,2023,censo_escolar,Matrícula,Privada,Educação de Jovens e Adultos (EJA),2100.0
2704302,Maceió,2023,censo_escolar,Escolas,Privada,Educação de Jovens e Adultos (EJA),15.0
2704302,Maceió,2023,censo_escolar,Matrícula,Pública,Educação de Jovens e Adultos (EJA),3900.0
2704302,Maceió,2023,censo_escolar,Escolas,Pública,Educação de Jovens e Adultos (EJA),35.0
2704302,Maceió,2023,censo_escolar,Escolas,Total,Educação de Jovens e Adultos (EJA),50.0
2704302,Maceió,2023,censo_escolar,Matrícula,Estadual,Educação Profissional,1200.0
2704302,Maceió,2023,censo_escolar,Escolas,Estadual,Educação Profissional,15.0
2704302,Maceió,2023,censo_escolar,Matrícula,Municipal,Educação Profissional,1400.0
2704302,Maceió,2023,censo_escolar,Escolas,Municipal,Educação Profissional,20.0
2704302,Maceió,2023,censo_escolar,Matrícula,Federal,Educação Profissional,0.0
2704302,Maceió,2023,censo_escolar,Escolas,Federal,Educação Profissional,0.0
2704302,Maceió,2023,censo_escolar,Matrícula,Privada,Educação Profissional,1400.0
2704302,Maceió,2023,censo_escolar,Escolas,Privada,Educação Profissional,15.0
2704302,Maceió,2023,censo_escolar,Matrícula,Pública,Educação Profissional,2600.0
2704302,Maceió,2023,censo_escolar,Escolas,Pública,Educação Profissional,35.0
2704302,Maceió,2023,censo_escolar,Escolas,Total,Educação Profissional,50.0
2704302,Maceió,2023,indicadores_rendimento,Taxa de Aprovação,Estadual,Ensino Fundamental,95.00
2704302,Maceió,2023,indicadores_rendimento,Taxa de Reprovação,Estadual,Ensino Fundamental,3.50
2704302,Maceió,2023,indicadores_rendimento,Taxa de Abandono,Estadual,Ensino Fundamental,1.50
2704302,Maceió,2023,indicadores_rendimento,Taxa de Aprovação,Municipal,Ensino Fundamental,95.00
2704302,Maceió,2023,indicadores_rendimento,Taxa de Reprovação,Municipal,Ensino Fundamental,3.50
2704302,Maceió,2023,indicadores_rendimento,Taxa de Abandono,Municipal,Ensino Fundamental,1.50
2704302,Maceió,2023,indicadores_rendimento,Taxa de Aprovação,Federal,Ensino Fundamental,95.00
2704302,Maceió,2023,indicadores_rendimento,Taxa de Reprovação,Federal,Ensino Fundamental,3.50
2704302,Maceió,2023,indicadores_rendimento,Taxa de Abandono,Federal,Ensino Fundamental,1.50
2704302,Maceió,2023,indicadores_rendimento,Taxa de Aprovação,Privada,Ensino Fundamental,95.00
2704302,Maceió,2023,indicadores_rendimento,Taxa de Reprovação,Privada,Ensino Fundamental,3.50
2704302,Maceió,2023,indicadores_rendimento,Taxa de Abandono,Privada,Ensino Fundamental,1.50
2704302,Maceió,2023,indicadores_rendimento,Taxa de Aprovação,Pública,Ensino Fundamental,95.00
2704302,Maceió,2023,indicadores_rendimento,Taxa de Reprovação,Pública,Ensino Fundamental,3.50
2704302,Maceió,2023,indicadores_rendimento,Taxa de Abandono,Pública,Ensino Fundamental,1.50
2704302,Maceió,2023,indicadores_rendimento,Taxa de Reprovação,Total,Ensino Fundamental,2.45
2704302,Maceió,2023,indicadores_rendimento,Taxa de Abandono,Total,Ensino Fundamental,1.05
2704302,Maceió,2023,indicadores_rendimento,Taxa de Aprovação,Estadual,Ensino Médio,95.00
2704302,Maceió,2023,indicadores_rendimento,Taxa de Reprovação,Estadual,Ensino Médio,3.50
2704302,Maceió,2023,indicadores_rendimento,Taxa de Abandono,Estadual,Ensino Médio,1.50
2704302,Maceió,2023,indicadores_rendimento,Taxa de Aprovação,Municipal,Ensino Médio,95.00
2704302,Maceió,2023,indicadores_rendimento,Taxa de Reprovação,Municipal,Ensino Médio,3.50
2704302,Maceió,2023,indicadores_rendimento,Taxa de Abandono,Municipal,Ensino Médio,1.50
2704302,Maceió,2023,indicadores_rendimento,Taxa de Aprovação,Federal,Ensino Médio,95.00
2704302,Maceió,2023,indicadores_rendimento,Taxa de Reprovação,Federal,Ensino Médio,3.50
2704302,Maceió,2023,indicadores_rendimento,Taxa de Abandono,Federal,Ensino Médio,1.50
2704302,Maceió,2023,indicadores_rendimento,Taxa de Aprovação,Privada,Ensino Médio,95.00
2704302,Maceió,2023,indicadores_rendimento,Taxa de Reprovação,Privada,Ensino Médio,3.50
2704302,Maceió,2023,indicadores_rendimento,Taxa de Abandono,Privada,Ensino Médio,1.50
2704302,Maceió,2023,indicadores_rendimento,Taxa de Aprovação,Pública,Ensino Médio,95.00
2704302,Maceió,2023,indicadores_rendimento,Taxa de Reprovação,Pública,Ensino Médio,3.50
2704302,Maceió,2023,indicadores_rendimento,Taxa de Abandono,Pública,Ensino Médio,1.50
2704302,Maceió,2023,indicadores_rendimento,Taxa de Aprovação,Total,Ensino Médio,95.00
2704302,Maceió,2023,indicadores_rendimento,Taxa de Reprovação,Total,Ensino Médio,3.50
2704302,Maceió,2023,indicadores_rendimento,Taxa de Abandono,Total,Ensino Médio,1.50
2706802,Piaçabuçu,2010,censo_escolar,Matrícula,Estadual,Educação Infantil,1500.0
2706802,Piaçabuçu,2010,censo_escolar,Escolas,Estadual,Educação Infantil,15.0
2706802,Piaçabuçu,2010,censo_escolar,Matrícula,Municipal,Educação Infantil,2000.0
2706802,Piaçabuçu,2010,censo_escolar,Escolas,Municipal,Educação Infantil,20.0
2706802,Piaçabuçu,2010,censo_escolar,Matrícula,Federal,Educação Infantil,0.0
2706802,Piaçabuçu,2010,censo_escolar,Escolas,Federal,Educação Infantil,0.0
2706802,Piaçabuçu,2010,censo_escolar,Matrícula,Privada,Educação Infantil,1500.0
2706802,Piaçabuçu,2010,censo_escolar,Escolas,Privada,Educação Infantil,15.0
2706802,Piaçabuçu,2010,censo_escolar,Matrícula,Pública,Educação Infantil,3500.0
2706802,Piaçabuçu,2010,censo_escolar,Escolas,Pública,Educação Infantil,35.0
2706802,Piaçabuçu,2010,censo_escolar,Matrícula,Total,Educação Infantil,5000.0
2706802,Piaçabuçu,2010,censo_escolar,Escolas,Total,Educação Infantil,50.0
2706802,Piaçabuçu,2010,censo_escolar,Matrícula,Estadual,Ensino Fundamental,1500.0
2706802,Piaçabuçu,2010,censo_escolar,Escolas,Estadual,Ensino Fundamental,15.0
2706802,Piaçabuçu,2010,censo_escolar,Matrícula,Municipal,Ensino Fundamental,2000.0
2706802,Piaçabuçu,2010,censo_escolar,Escolas,Municipal,Ensino Fundamental,20.0
2706802,Piaçabuçu,2010,censo_escolar,Matrícula,Federal,Ensino Fundamental,0.0
2706802,Piaçabuçu,2010,censo_escolar,Escolas,Federal,Ensino Fundamental,0.0
2706802,Piaçabuçu,2010,censo_escolar,Matrícula,Privada,Ensino Fundamental,1500.0
2706802,Piaçabuçu,2010,censo_escolar,Escolas,Privada,Ensino Fundamental,15.0
2706802,Piaçabuçu,2010,censo_escolar,Matrícula,Pública,Ensino Fundamental,3500.0
2706802,Piaçabuçu,2010,censo_escolar,Escolas,Pública,Ensino Fundamental,35.0
2706802,Piaçabuçu,2010,censo_escolar,Matrícula,Total,Ensino Fundamental,5000.0
2706802,Piaçabuçu,2010,censo_escolar,Escolas,Total,Ensino Fundamental,50.0
2706802,Piaçabuçu,2010,censo_escolar,Matrícula,Estadual,Ensino Médio,1500.0
2706802,Piaçabuçu,2010,censo_escolar,Escolas,Estadual,Ensino Médio,15.0
2706802,Piaçabuçu,2010,censo_escolar,Matrícula,Municipal,Ensino Médio,2000.0
2706802,Piaçabuçu,2010,censo_escolar,Escolas,Municipal,Ensino Médio,20.0
2706802,Piaçabuçu,2010,censo_escolar,Matrícula,Federal,Ensino Médio,0.0
2706802,Piaçabuçu,2010,censo_escolar,Escolas,Federal,Ensino Médio,0.0
2706802,Piaçabuçu,2010,censo_escolar,Matrícula,Privada,Ensino Médio,1500.0
2706802,Piaçabuçu,2010,censo_escolar,Escolas,Privada,Ensino Médio,15.0
2706802,Piaçabuçu,2010,censo_escolar,Matrícula,Pública,Ensino Médio,3500.0
2706802,Piaçabuçu,2010,censo_escolar,Escolas,Pública,Ensino Médio,35.0
2706802,Piaçabuçu,2010,censo_escolar,Matrícula,Total,Ensino Médio,5000.0
2706802,Piaçabuçu,2010,censo_escolar,Escolas,Total,Ensino Médio,50.0
2706802,Piaçabuçu,2010,censo_escolar,Matrícula,Estadual,Educação de Jovens e Adultos (EJA),1500.0
2706802,Piaçabuçu,2010,censo_escolar,Escolas,Estadual,Educação de Jovens e Adultos (EJA),15.0
2706802,Piaçabuçu,2010,censo_escolar,Matrícula,Municipal,Educação de Jovens e Adultos (EJA),2000.0
2706802,Piaçabuçu,2010,censo_escolar,Escolas,Municipal,Educação de Jovens e Adultos (EJA),20.0
2706802,Piaçabuçu,2010,censo_escolar,Matrícula,Federal,Educação de Jovens e Adultos (EJA),0.0
2706802,Piaçabuçu,2010,censo_escolar,Escolas,Federal,Educação de Jovens e Adultos (EJA),0.0
2706802,Piaçabuçu,2010,censo_escolar,Matrícula,Privada,Educação de Jovens e Adultos (EJA),1500.0
2706802,Piaçabuçu,2010,censo_escolar,Escolas,Privada,Educação de Jovens e Adultos (EJA),15.0
2706802,Piaçabuçu,2010,censo_escolar,Matrícula,Pública,Educação de Jovens e Adultos (EJA),3500.0
2706802,Piaçabuçu,2010,censo_escolar,Escolas,Pública,Educação de Jovens e Adultos (EJA),35.0
2706802,Piaçabuçu,2010,censo_escolar,Matrícula,Total,Educação de Jovens e Adultos (EJA),5000.0
2706802,Piaçabuçu,2010,censo_escolar,Escolas,Total,Educação de Jovens e Adultos (EJA),50.0
2706802,Piaçabuçu,2010,censo_escolar,Matrícula,Estadual,Educação Profissional,1500.0
2706802,Piaçabuçu,2010,censo_escolar,Escolas,Estadual,Educação Profissional,15.0
2706802,Piaçabuçu,2010,censo_escolar,Matrícula,Municipal,Educação Profissional,2000.0
2706802,Piaçabuçu,2010,censo_escolar,Escolas,Municipal,Educação Profissional,20.0
2706802,Piaçabuçu,2010,censo_escolar,Matrícula,Federal,Educação Profissional,0.0
2706802,Piaçabuçu,2010,censo_escolar,Escolas,Federal,Educação Profissional,0.0
2706802,Piaçabuçu,2010,censo_escolar,Matrícula,Privada,Educação Profissional,1500.0
2706802,Piaçabuçu,2010,censo_escolar,Escolas,Privada,Educação Profissional,15.0
2706802,Piaçabuçu,2010,censo_escolar,Matrícula,Pública,Educação Profissional,3500.0
2706802,Piaçabuçu,2010,censo_escolar,Escolas,Pública,Educação Profissional,35.0
2706802,Piaçabuçu,2010,censo_escolar,Matrícula,Total,Educação Profissional,5000.0
2706802,Piaçabuçu,2010,censo_escolar,Escolas,Total,Educação Profissional,50.0
2706802,Piaçabuçu,2010,indicadores_rendimento,Taxa de Aprovação,Estadual,Ensino Fundamental,95.00
2706802,Piaçabuçu,2010,indicadores_rendimento,Taxa de Reprovação,Estadual,Ensino Fundamental,3.50
2706802,Piaçabuçu,2010,indicadores_rendimento,Taxa de Abandono,Estadual,Ensino Fundamental,1.50
2706802,Piaçabuçu,2010,indicadores_rendimento,Taxa de Aprovação,Municipal,Ensino Fundamental,95.00
2706802,Piaçabuçu,2010,indicadores_rendimento,Taxa de Reprovação,Municipal,Ensino Fundamental,3.50
2706802,Piaçabuçu,2010,indicadores_rendimento,Taxa de Abandono,Municipal,Ensino Fundamental,1.50
2706802,Piaçabuçu,2010,indicadores_rendimento,Taxa de Aprovação,Federal,Ensino Fundamental,95.00
2706802,Piaçabuçu,2010,indicadores_rendimento,Taxa de Reprovação,Federal,Ensino Fundamental,3.50
2706802,Piaçabuçu,2010,indicadores_rendimento,Taxa de Abandono,Federal,Ensino Fundamental,1.50
2706802,Piaçabuçu,2010,indicadores_rendimento,Taxa de Aprovação,Privada,Ensino Fundamental,95.00
2706802,Piaçabuçu,2010,indicadores_rendimento,Taxa de Reprovação,Privada,Ensino Fundamental,3.50
2706802,Piaçabuçu,2010,indicadores_rendimento,Taxa de Abandono,Privada,Ensino Fundamental,1.50
2706802,Piaçabuçu,2010,indicadores_rendimento,Taxa de Aprovação,Pública,Ensino Fundamental,95.00
2706802,Piaçabuçu,2010,indicadores_rendimento,Taxa de Reprovação,Pública,Ensino Fundamental,3.50
2706802,Piaçabuçu,2010,indicadores_rendimento,Taxa de Abandono,Pública,Ensino Fundamental,1.50
2706802,Piaçabuçu,2010,indicadores_rendimento,Taxa de Aprovação,Total,Ensino Fundamental,95.00
2706802,Piaçabuçu,2010,indicadores_rendimento,Taxa de Reprovação,Total,Ensino Fundamental,3.50
2706802,Piaçabuçu,2010,indicadores_rendimento,Taxa de Abandono,Total,Ensino Fundamental,1.50
2706802,Piaçabuçu,2010,indicadores_rendimento,Taxa de Aprovação,Estadual,Ensino Médio,95.00
2706802,Piaçabuçu,2010,indicadores_rendimento,Taxa de Reprovação,Estadual,Ensino Médio,3.50
2706802,Piaçabuçu,2010,indicadores_rendimento,Taxa de Abandono,Estadual,Ensino Médio,1.50
2706802,Piaçabuçu,2010,indicadores_rendimento,Taxa de Aprovação,Municipal,Ensino Médio,95.00
2706802,Piaçabuçu,2010,indicadores_rendimento,Taxa de Reprovação,Municipal,Ensino Médio,3.50
2706802,Piaçabuçu,2010,indicadores_rendimento,Taxa de Abandono,Municipal,Ensino Médio,1.50
2706802,Piaçabuçu,2010,indicadores_rendimento,Taxa de Aprovação,Federal,Ensino Médio,95.00
2706802,Piaçabuçu,2010,indicadores_rendimento,Taxa de Reprovação,Federal,Ensino Médio,3.50
2706802,Piaçabuçu,2010,indicadores_rendimento,Taxa de Abandono,Federal,Ensino Médio,1.50
2706802,Piaçabuçu,2010,indicadores_rendimento,Taxa de Aprovação,Privada,Ensino Médio,95.00
2706802,Piaçabuçu,2010,indicadores_rendimento,Taxa de Reprovação,Privada,Ensino Médio,3.50
2706802,Piaçabuçu,2010,indicadores_rendimento,Taxa de Abandono,Privada,Ensino Médio,1.50
2706802,Piaçabuçu,2010,indicadores_rendimento,Taxa de Aprovação,Pública,Ensino Médio,95.00
2706802,Piaçabuçu,2010,indicadores_rendimento,Taxa de Reprovação,Pública,Ensino Médio,3.50
2706802,Piaçabuçu,2010,indicadores_rendimento,Taxa de Abandono,Pública,Ensino Médio,1.50
2706802,Piaçabuçu,2010,indicadores_rendimento,Taxa de Aprovação,Total,Ensino Médio,95.00
2706802,Piaçabuçu,2010,indicadores_rendimento,Taxa de Reprovação,Total,Ensino Médio,3.50
2706802,Piaçabuçu,2010,indicadores_rendimento,Taxa de Abandono,Total,Ensino Médio,1.50
2706802,Piaçabuçu,2010,censo_demografico,Pessoas Alfabetizadas,Não se aplica,Pessoas de 15 anos ou mais de idade,12281.0
2706802,Piaçabuçu,2010,censo_demografico,Pessoas Total,Não se aplica,Pessoas de 15 anos ou mais de idade,18000.0
2706802,Piaçabuçu,2010,censo_demografico,Taxa de Alfabetização,Não se aplica,Pessoas de 15 anos ou mais de idade,68.23
2706802,Piaçabuçu,2019,censo_escolar,Matrícula,Estadual,Educação Infantil,1590.0
2706802,Piaçabuçu,2019,censo_escolar,Escolas,Estadual,Educação Infantil,15.0
2706802,Piaçabuçu,2019,censo_escolar,Matrícula,Municipal,Educação Infantil,2000.0
2706802,Piaçabuçu,2019,censo_escolar,Escolas,Municipal,Educação Infantil,20.0
2706802,Piaçabuçu,2019,censo_escolar,Matrícula,Federal,Educação Infantil,0.0
2706802,Piaçabuçu,2019,censo_escolar,Escolas,Federal,Educação Infantil,0.0
2706802,Piaçabuçu,2019,censo_escolar,Matrícula,Privada,Educação Infantil,1500.0
2706802,Piaçabuçu,2019,censo_escolar,Escolas,Privada,Educação Infantil,15.0
2706802,Piaçabuçu,2019,censo_escolar,Matrícula,Pública,Educação Infantil,3590.0
2706802,Piaçabuçu,2019,censo_escolar,Escolas,Pública,Educação Infantil,35.0
2706802,Piaçabuçu,2019,censo_escolar,Matrícula,Total,Educação Infantil,5090.0
2706802,Piaçabuçu,2019,censo_escolar,Escolas,Total,Educação Infantil,50.0
2706802,Piaçabuçu,2019,censo_escolar,Matrícula,Estadual,Ensino Fundamental,1590.0
2706802,Piaçabuçu,2019,censo_escolar,Escolas,Estadual,Ensino Fundamental,15.0
2706802,Piaçabuçu,2019,censo_escolar,Matrícula,Municipal,Ensino Fundamental,2000.0
2706802,Piaçabuçu,2019,censo_escolar,Escolas,Municipal,Ensino Fundamental,20.0
2706802,Piaçabuçu,2019,censo_escolar,Matrícula,Federal,Ensino Fundamental,0.0
2706802,Piaçabuçu,2019,censo_escolar,Escolas,Federal,Ensino Fundamental,0.0
2706802,Piaçabuçu,2019,censo_escolar,Matrícula,Privada,Ensino Fundamental,1500.0
2706802,Piaçabuçu,2019,censo_escolar,Escolas,Privada,Ensino Fundamental,15.0
2706802,Piaçabuçu,2019,censo_escolar,Matrícula,Pública,Ensino Fundamental,3590.0
2706802,Piaçabuçu,2019,censo_escolar,Escolas,Pública,Ensino Fundamental,35.0
2706802,Piaçabuçu,2019,censo_escolar,Matrícula,Total,Ensino Fundamental,5090.0
2706802,Piaçabuçu,2019,censo_escolar,Escolas,Total,Ensino Fundamental,50.0
2706802,Piaçabuçu,2019,censo_escolar,Matrícula,Estadual,Ensino Médio,1590.0
2706802,Piaçabuçu,2019,censo_escolar,Escolas,Estadual,Ensino Médio,15.0
2706802,Piaçabuçu,2019,censo_escolar,Matrícula,Municipal,Ensino Médio,2000.0
2706802,Piaçabuçu,2019,censo_escolar,Escolas,Municipal,Ensino Médio,20.0
2706802,Piaçabuçu,2019,censo_escolar,Matrícula,Federal,Ensino Médio,0.0
2706802,Piaçabuçu,2019,censo_escolar,Escolas,Federal,Ensino Médio,0.0
2706802,Piaçabuçu,2019,censo_escolar,Matrícula,Privada,Ensino Médio,1500.0
2706802,Piaçabuçu,2019,censo_escolar,Escolas,Privada,Ensino Médio,15.0
2706802,Piaçabuçu,2019,censo_escolar,Matrícula,Pública,Ensino Médio,3590.0
2706802,Piaçabuçu,2019,censo_escolar,Escolas,Pública,Ensino Médio,35.0
2706802,Piaçabuçu,2019,censo_escolar,Matrícula,Total,Ensino Médio,5090.0
2706802,Piaçabuçu,2019,censo_escolar,Escolas,Total,Ensino Médio,50.0
2706802,Piaçabuçu,2019,censo_escolar,Matrícula,Estadual,Educação de Jovens e Adultos (EJA),1590.0
2706802,Piaçabuçu,2019,censo_escolar,Escolas,Estadual,Educação de Jovens e Adultos (EJA),15.0
2706802,Piaçabuçu,2019,censo_escolar,Matrícula,Municipal,Educação de Jovens e Adultos (EJA),2000.0
2706802,Piaçabuçu,2019,censo_escolar,Escolas,Municipal,Educação de Jovens e Adultos (EJA),20.0
2706802,Piaçabuçu,2019,censo_escolar,Matrícula,Federal,Educação de Jovens e Adultos (EJA),0.0
2706802,Piaçabuçu,2019,censo_escolar,Escolas,Federal,Educação de Jovens e Adultos (EJA),0.0
2706802,Piaçabuçu,2019,censo_escolar,Matrícula,Privada,Educação de Jovens e Adultos (EJA),1500.0
2706802,Piaçabuçu,2019,censo_escolar,Escolas,Privada,Educação de Jovens e Adultos (EJA),15.0
2706802,Piaçabuçu,2019,censo_escolar,Matrícula,Pública,Educação de Jovens e Adultos (EJA),3590.0
2706802,Piaçabuçu,2019,censo_escolar,Escolas,Pública,Educação de Jovens e Adultos (EJA),35.0
2706802,Piaçabuçu,2019,censo_escolar,Matrícula,Total,Educação de Jovens e Adultos (EJA),5090.0
2706802,Piaçabuçu,2019,censo_escolar,Escolas,Total,Educação de Jovens e Adultos (EJA),50.0
2706802,Piaçabuçu,2019,censo_escolar,Matrícula,Estadual,Educação Profissional,1590.0
2706802,Piaçabuçu,2019,censo_escolar,Escolas,Estadual,Educação Profissional,15.0
2706802,Piaçabuçu,2019,censo_escolar,Matrícula,Municipal,Educação Profissional,2000.0
2706802,Piaçabuçu,2019,censo_escolar,Escolas,Municipal,Educação Profissional,20.0
2706802,Piaçabuçu,2019,censo_escolar,Matrícula,Federal,Educação Profissional,0.0
2706802,Piaçabuçu,2019,censo_escolar,Escolas,Federal,Educação Profissional,0.0
2706802,Piaçabuçu,2019,censo_escolar,Matrícula,Privada,Educação Profissional,1500.0
2706802,Piaçabuçu,2019,censo_escolar,Escolas,Privada,Educação Profissional,15.0
2706802,Piaçabuçu,2019,censo_escolar,Matrícula,Pública,Educação Profissional,3590.0
2706802,Piaçabuçu,2019,censo_escolar,Escolas,Pública,Educação Profissional,35.0
2706802,Piaçabuçu,2019,censo_escolar,Matrícula,Total,Educação Profissional,5090.0
2706802,Piaçabuçu,2019,censo_escolar,Escolas,Total,Educação Profissional,50.0
2706802,Piaçabuçu,2019,indicadores_rendimento,Taxa de Aprovação,Estadual,Ensino Fundamental,95.00
2706802,Piaçabuçu,2019,indicadores_rendimento,Taxa de Reprovação,Estadual,Ensino Fundamental,3.50
2706802,Piaçabuçu,2019,indicadores_rendimento,Taxa de Abandono,Estadual,Ensino Fundamental,1.50
2706802,Piaçabuçu,2019,indicadores_rendimento,Taxa de Aprovação,Municipal,Ensino Fundamental,95.00
2706802,Piaçabuçu,2019,indicadores_rendimento,Taxa de Reprovação,Municipal,Ensino Fundamental,3.50
2706802,Piaçabuçu,2019,indicadores_rendimento,Taxa de Abandono,Municipal,Ensino Fundamental,1.50
2706802,Piaçabuçu,2019,indicadores_rendimento,Taxa de Aprovação,Federal,Ensino Fundamental,95.00
2706802,Piaçabuçu,2019,indicadores_rendimento,Taxa de Reprovação,Federal,Ensino Fundamental,3.50
2706802,Piaçabuçu,2019,indicadores_rendimento,Taxa de Abandono,Federal,Ensino Fundamental,1.50
2706802,Piaçabuçu,2019,indicadores_rendimento,Taxa de Aprovação,Privada,Ensino Fundamental,95.00
2706802,Piaçabuçu,2019,indicadores_rendimento,Taxa de Reprovação,Privada,Ensino Fundamental,3.50
2706802,Piaçabuçu,2019,indicadores_rendimento,Taxa de Abandono,Privada,Ensino Fundamental,1.50
2706802,Piaçabuçu,2019,indicadores_rendimento,Taxa de Aprovação,Pública,Ensino Fundamental,95.00
2706802,Piaçabuçu,2019,indicadores_rendimento,Taxa de Reprovação,Pública,Ensino Fundamental,3.50
2706802,Piaçabuçu,2019,indicadores_rendimento,Taxa de Abandono,Pública,Ensino Fundamental,1.50
2706802,Piaçabuçu,2019,indicadores_rendimento,Taxa de Aprovação,Total,Ensino Fundamental,95.00
2706802,Piaçabuçu,2019,indicadores_rendimento,Taxa de Reprovação,Total,Ensino Fundamental,3.50
2706802,Piaçabuçu,2019,indicadores_rendimento,Taxa de Abandono,Total,Ensino Fundamental,1.50
2706802,Piaçabuçu,2019,indicadores_rendimento,Taxa de Aprovação,Estadual,Ensino Médio,95.00
2706802,Piaçabuçu,2019,indicadores_rendimento,Taxa de Reprovação,Estadual,Ensino Médio,3.50
2706802,Piaçabuçu,2019,indicadores_rendimento,Taxa de Abandono,Estadual,Ensino Médio,1.50
2706802,Piaçabuçu,2019,indicadores_rendimento,Taxa de Aprovação,Municipal,Ensino Médio,95.00
2706802,Piaçabuçu,2019,indicadores_rendimento,Taxa de Reprovação,Municipal,Ensino Médio,3.50
2706802,Piaçabuçu,2019,indicadores_rendimento,Taxa de Abandono,Municipal,Ensino Médio,1.50
2706802,Piaçabuçu,2019,indicadores_rendimento,Taxa de Aprovação,Federal,Ensino Médio,95.00
2706802,Piaçabuçu,2019,indicadores_rendimento,Taxa de Reprovação,Federal,Ensino Médio,3.50
2706802,Piaçabuçu,2019,indicadores_rendimento,Taxa de Abandono,Federal,Ensino Médio,1.50
2706802,Piaçabuçu,2019,indicadores_rendimento,Taxa de Aprovação,Privada,Ensino Médio,95.00
2706802,Piaçabuçu,2019,indicadores_rendimento,Taxa de Reprovação,Privada,Ensino Médio,3.50
2706802,Piaçabuçu,2019,indicadores_rendimento,Taxa de Abandono,Privada,Ensino Médio,1.50
2706802,Piaçabuçu,2019,indicadores_rendimento,Taxa de Aprovação,Pública,Ensino Médio,95.00
2706802,Piaçabuçu,2019,indicadores_rendimento,Taxa de Reprovação,Pública,Ensino Médio,3.50
2706802,Piaçabuçu,2019,indicadores_rendimento,Taxa de Abandono,Pública,Ensino Médio,1.50
2706802,Piaçabuçu,2019,indicadores_rendimento,Taxa de Aprovação,Total,Ensino Médio,95.00
2706802,Piaçabuçu,2019,indicadores_rendimento,Taxa de Reprovação,Total,Ensino Médio,3.50
2706802,Piaçabuçu,2019,indicadores_rendimento,Taxa de Abandono,Total,Ensino Médio,1.50
2706802,Piaçabuçu,2021,censo_escolar,Matrícula,Estadual,Educação Infantil,1610.0
2706802,Piaçabuçu,2021,censo_escolar,Escolas,Estadual,Educação Infantil,15.0
2706802,Piaçabuçu,2021,censo_escolar,Matrícula,Municipal,Educação Infantil,2000.0
2706802,Piaçabuçu,2021,censo_escolar,Escolas,Municipal,Educação Infantil,20.0
2706802,Piaçabuçu,2021,censo_escolar,Matrícula,Federal,Educação Infantil,0.0
2706802,Piaçabuçu,2021,censo_escolar,Escolas,Federal,Educação Infantil,0.0
2706802,Piaçabuçu,2021,censo_escolar,Matrícula,Privada,Educação Infantil,1500.0
2706802,Piaçabuçu,2021,censo_escolar,Escolas,Privada,Educação Infantil,15.0
2706802,Piaçabuçu,2021,censo_escolar,Matrícula,Pública,Educação Infantil,3610.0
2706802,Piaçabuçu,2021,censo_escolar,Escolas,Pública,Educação Infantil,35.0
2706802,Piaçabuçu,2021,censo_escolar,Matrícula,Total,Educação Infantil,5110.0
2706802,Piaçabuçu,2021,censo_escolar,Escolas,Total,Educação Infantil,50.0
2706802,Piaçabuçu,2021,censo_escolar,Matrícula,Estadual,Ensino Fundamental,1610.0
2706802,Piaçabuçu,2021,censo_escolar,Escolas,Estadual,Ensino Fundamental,15.0
2706802,Piaçabuçu,2021,censo_escolar,Matrícula,Municipal,Ensino Fundamental,2000.0
2706802,Piaçabuçu,2021,censo_escolar,Escolas,Municipal,Ensino Fundamental,20.0
2706802,Piaçabuçu,2021,censo_escolar,Matrícula,Federal,Ensino Fundamental,0.0
2706802,Piaçabuçu,2021,censo_escolar,Escolas,Federal,Ensino Fundamental,0.0
2706802,Piaçabuçu,2021,censo_escolar,Matrícula,Privada,Ensino Fundamental,1500.0
2706802,Piaçabuçu,2021,censo_escolar,Escolas,Privada,Ensino Fundamental,15.0
2706802,Piaçabuçu,2021,censo_escolar,Matrícula,Pública,Ensino Fundamental,3610.0
2706802,Piaçabuçu,2021,censo_escolar,Escolas,Pública,Ensino Fundamental,35.0
2706802,Piaçabuçu,2021,censo_escolar,Matrícula,Total,Ensino Fundamental,5110.0
2706802,Piaçabuçu,2021,censo_escolar,Escolas,Total,Ensino Fundamental,50.0
2706802,Piaçabuçu,2021,censo_escolar,Matrícula,Estadual,Ensino Médio,1610.0
2706802,Piaçabuçu,2021,censo_escolar,Escolas,Estadual,Ensino Médio,15.0
2706802,Piaçabuçu,2021,censo_escolar,Matrícula,Municipal,Ensino Médio,2000.0
2706802,Piaçabuçu,2021,censo_escolar,Escolas,Municipal,Ensino Médio,20.0
2706802,Piaçabuçu,2021,censo_escolar,Matrícula,Federal,Ensino Médio,0.0
2706802,Piaçabuçu,2021,censo_escolar,Escolas,Federal,Ensino Médio,0.0
2706802,Piaçabuçu,2021,censo_escolar,Matrícula,Privada,Ensino Médio,1500.0
2706802,Piaçabuçu,2021,censo_escolar,Escolas,Privada,Ensino Médio,15.0
2706802,Piaçabuçu,2021,censo_escolar,Matrícula,Pública,Ensino Médio,3610.0
2706802,Piaçabuçu,2021,censo_escolar,Escolas,Pública,Ensino Médio,35.0
2706802,Piaçabuçu,2021,censo_escolar,Matrícula,Total,Ensino Médio,5110.0
2706802,Piaçabuçu,2021,censo_escolar,Escolas,Total,Ensino Médio,50.0
2706802,Piaçabuçu,2021,censo_escolar,Matrícula,Estadual,Educação de Jovens e Adultos (EJA),1610.0
2706802,Piaçabuçu,2021,censo_escolar,Escolas,Estadual,Educação de Jovens e Adultos (EJA),15.0
2706802,Piaçabuçu,2021,censo_escolar,Matrícula,Municipal,Educação de Jovens e Adultos (EJA),2000.0
2706802,Piaçabuçu,2021,censo_escolar,Escolas,Municipal,Educação de Jovens e Adultos (EJA),20.0
2706802,Piaçabuçu,2021,censo_escolar,Matrícula,Federal,Educação de Jovens e Adultos (EJA),0.0
2706802,Piaçabuçu,2021,censo_escolar,Escolas,Federal,Educação de Jovens e Adultos (EJA),0.0
2706802,Piaçabuçu,2021,censo_escolar,Matrícula,Privada,Educação de Jovens e Adultos (EJA),1500.0
2706802,Piaçabuçu,2021,censo_escolar,Escolas,Privada,Educação de Jovens e Adultos (EJA),15.0
2706802,Piaçabuçu,2021,censo_escolar,Matrícula,Pública,Educação de Jovens e Adultos (EJA),3610.0
2706802,Piaçabuçu,2021,censo_escolar,Escolas,Pública,Educação de Jovens e Adultos (EJA),35.0
2706802,Piaçabuçu,2021,censo_escolar,Matrícula,Total,Educação de Jovens e Adultos (EJA),5110.0
2706802,Piaçabuçu,2021,censo_escolar,Escolas,Total,Educação de Jovens e Adultos (EJA),50.0
2706802,Piaçabuçu,2021,censo_escolar,Matrícula,Estadual,Educação Profissional,1610.0
2706802,Piaçabuçu,2021,censo_escolar,Escolas,Estadual,Educação Profissional,15.0
2706802,Piaçabuçu,2021,censo_escolar,Matrícula,Municipal,Educação Profissional,2000.0
2706802,Piaçabuçu,2021,censo_escolar,Escolas,Municipal,Educação Profissional,20.0
2706802,Piaçabuçu,2021,censo_escolar,Matrícula,Federal,Educação Profissional,0.0
2706802,Piaçabuçu,2021,censo_escolar,Escolas,Federal,Educação Profissional,0.0
2706802,Piaçabuçu,2021,censo_escolar,Matrícula,Privada,Educação Profissional,1500.0
2706802,Piaçabuçu,2021,censo_escolar,Escolas,Privada,Educação Profissional,15.0
2706802,Piaçabuçu,2021,censo_escolar,Matrícula,Pública,Educação Profissional,3610.0
2706802,Piaçabuçu,2021,censo_escolar,Escolas,Pública,Educação Profissional,35.0
2706802,Piaçabuçu,2021,censo_escolar,Matrícula,Total,Educação Profissional,5110.0
2706802,Piaçabuçu,2021,censo_escolar,Escolas,Total,Educação Profissional,50.0
2706802,Piaçabuçu,2021,indicadores_rendimento,Taxa de Aprovação,Estadual,Ensino Fundamental,95.00
2706802,Piaçabuçu,2021,indicadores_rendimento,Taxa de Reprovação,Estadual,Ensino Fundamental,3.50
2706802,Piaçabuçu,2021,indicadores_rendimento,Taxa de Abandono,Estadual,Ensino Fundamental,1.50
2706802,Piaçabuçu,2021,indicadores_rendimento,Taxa de Aprovação,Municipal,Ensino Fundamental,95.00
2706802,Piaçabuçu,2021,indicadores_rendimento,Taxa de Reprovação,Municipal,Ensino Fundamental,3.50
2706802,Piaçabuçu,2021,indicadores_rendimento,Taxa de Abandono,Municipal,Ensino Fundamental,1.50
2706802,Piaçabuçu,2021,indicadores_rendimento,Taxa de Aprovação,Federal,Ensino Fundamental,95.00
2706802,Piaçabuçu,2021,indicadores_rendimento,Taxa de Reprovação,Federal,Ensino Fundamental,3.50
2706802,Piaçabuçu,2021,indicadores_rendimento,Taxa de Abandono,Federal,Ensino Fundamental,1.50
2706802,Piaçabuçu,2021,indicadores_rendimento,Taxa de Aprovação,Privada,Ensino Fundamental,95.00
2706802,Piaçabuçu,2021,indicadores_rendimento,Taxa de Reprovação,Privada,Ensino Fundamental,3.50
2706802,Piaçabuçu,2021,indicadores_rendimento,Taxa de Abandono,Privada,Ensino Fundamental,1.50
2706802,Piaçabuçu,2021,indicadores_rendimento,Taxa de Aprovação,Pública,Ensino Fundamental,95.00
2706802,Piaçabuçu,2021,indicadores_rendimento,Taxa de Reprovação,Pública,Ensino Fundamental,3.50
2706802,Piaçabuçu,2021,indicadores_rendimento,Taxa de Abandono,Pública,Ensino Fundamental,1.50
2706802,Piaçabuçu,2021,indicadores_rendimento,Taxa de Aprovação,Total,Ensino Fundamental,95.00
2706802,Piaçabuçu,2021,indicadores_rendimento,Taxa de Reprovação,Total,Ensino Fundamental,3.50
2706802,Piaçabuçu,2021,indicadores_rendimento,Taxa de Abandono,Total,Ensino Fundamental,1.50
2706802,Piaçabuçu,2021,indicadores_rendimento,Taxa de Aprovação,Estadual,Ensino Médio,95.00
2706802,Piaçabuçu,2021,indicadores_rendimento,Taxa de Reprovação,Estadual,Ensino Médio,3.50
2706802,Piaçabuçu,2021,indicadores_rendimento,Taxa de Abandono,Estadual,Ensino Médio,1.50
2706802,Piaçabuçu,2021,indicadores_rendimento,Taxa de Aprovação,Municipal,Ensino Médio,95.00
2706802,Piaçabuçu,2021,indicadores_rendimento,Taxa de Reprovação,Municipal,Ensino Médio,3.50
2706802,Piaçabuçu,2021,indicadores_rendimento,Taxa de Abandono,Municipal,Ensino Médio,1.50
2706802,Piaçabuçu,2021,indicadores_rendimento,Taxa de Aprovação,Federal,Ensino Médio,95.00
2706802,Piaçabuçu,2021,indicadores_rendimento,Taxa de Reprovação,Federal,Ensino Médio,3.50
2706802,Piaçabuçu,2021,indicadores_rendimento,Taxa de Abandono,Federal,Ensino Médio,1.50
2706802,Piaçabuçu,2021,indicadores_rendimento,Taxa de Aprovação,Privada,Ensino Médio,95.00
2706802,Piaçabuçu,2021,indicadores_rendimento,Taxa de Reprovação,Privada,Ensino Médio,3.50
2706802,Piaçabuçu,2021,indicadores_rendimento,Taxa de Abandono,Privada,Ensino Médio,1.50
2706802,Piaçabuçu,2021,indicadores_rendimento,Taxa de Aprovação,Pública,Ensino Médio,95.00
2706802,Piaçabuçu,2021,indicadores_rendimento,Taxa de Reprovação,Pública,Ensino Médio,3.50
2706802,Piaçabuçu,2021,indicadores_rendimento,Taxa de Abandono,Pública,Ensino Médio,1.50
2706802,Piaçabuçu,2021,indicadores_rendimento,Taxa de Aprovação,Total,Ensino Médio,95.00
2706802,Piaçabuçu,2021,indicadores_rendimento,Taxa de Reprovação,Total,Ensino Médio,3.50
2706802,Piaçabuçu,2021,indicadores_rendimento,Taxa de Abandono,Total,Ensino Médio,1.50
2706802,Piaçabuçu,2022,censo_escolar,Matrícula,Estadual,Educação Infantil,1620.0
2706802,Piaçabuçu,2022,censo_escolar,Escolas,Estadual,Educação Infantil,15.0
2706802,Piaçabuçu,2022,censo_escolar,Matrícula,Municipal,Educação Infantil,2000.0
2706802,Piaçabuçu,2022,censo_escolar,Escolas,Municipal,Educação Infantil,20.0
2706802,Piaçabuçu,2022,censo_escolar,Matrícula,Federal,Educação Infantil,0.0
2706802,Piaçabuçu,2022,censo_escolar,Escolas,Federal,Educação Infantil,0.0
2706802,Piaçabuçu,2022,censo_escolar,Matrícula,Privada,Educação Infantil,1500.0
2706802,Piaçabuçu,2022,censo_escolar,Escolas,Privada,Educação Infantil,15.0
2706802,Piaçabuçu,2022,censo_escolar,Matrícula,Pública,Educação Infantil,3620.0
2706802,Piaçabuçu,2022,censo_escolar,Escolas,Pública,Educação Infantil,35.0
2706802,Piaçabuçu,2022,censo_escolar,Matrícula,Total,Educação Infantil,5120.0
2706802,Piaçabuçu,2022,censo_escolar,Escolas,Total,Educação Infantil,50.0
2706802,Piaçabuçu,2022,censo_escolar,Matrícula,Estadual,Ensino Fundamental,1620.0
2706802,Piaçabuçu,2022,censo_escolar,Escolas,Estadual,Ensino Fundamental,15.0
2706802,Piaçabuçu,2022,censo_escolar,Matrícula,Municipal,Ensino Fundamental,2000.0
2706802,Piaçabuçu,2022,censo_escolar,Escolas,Municipal,Ensino Fundamental,20.0
2706802,Piaçabuçu,2022,censo_escolar,Matrícula,Federal,Ensino Fundamental,0.0
2706802,Piaçabuçu,2022,censo_escolar,Escolas,Federal,Ensino Fundamental,0.0
2706802,Piaçabuçu,2022,censo_escolar,Matrícula,Privada,Ensino Fundamental,1500.0
2706802,Piaçabuçu,2022,censo_escolar,Escolas,Privada,Ensino Fundamental,15.0
2706802,Piaçabuçu,2022,censo_escolar,Matrícula,Pública,Ensino Fundamental,3620.0
2706802,Piaçabuçu,2022,censo_escolar,Escolas,Pública,Ensino Fundamental,35.0
2706802,Piaçabuçu,2022,censo_escolar,Matrícula,Total,Ensino Fundamental,5120.0
2706802,Piaçabuçu,2022,censo_escolar,Escolas,Total,Ensino Fundamental,50.0
2706802,Piaçabuçu,2022,censo_escolar,Matrícula,Estadual,Ensino Médio,1620.0
2706802,Piaçabuçu,2022,censo_escolar,Escolas,Estadual,Ensino Médio,15.0
2706802,Piaçabuçu,2022,censo_escolar,Matrícula,Municipal,Ensino Médio,2000.0
2706802,Piaçabuçu,2022,censo_escolar,Escolas,Municipal,Ensino Médio,20.0
2706802,Piaçabuçu,2022,censo_escolar,Matrícula,Federal,Ensino Médio,0.0
2706802,Piaçabuçu,2022,censo_escolar,Escolas,Federal,Ensino Médio,0.0
2706802,Piaçabuçu,2022,censo_escolar,Matrícula,Privada,Ensino Médio,1500.0
2706802,Piaçabuçu,2022,censo_escolar,Escolas,Privada,Ensino Médio,15.0
2706802,Piaçabuçu,2022,censo_escolar,Matrícula,Pública,Ensino Médio,3620.0
2706802,Piaçabuçu,2022,censo_escolar,Escolas,Pública,Ensino Médio,35.0
2706802,Piaçabuçu,2022,censo_escolar,Matrícula,Total,Ensino Médio,5120.0
2706802,Piaçabuçu,2022,censo_escolar,Escolas,Total,Ensino Médio,50.0
2706802,Piaçabuçu,2022,censo_escolar,Matrícula,Estadual,Educação de Jovens e Adultos (EJA),1620.0
2706802,Piaçabuçu,2022,censo_escolar,Escolas,Estadual,Educação de Jovens e Adultos (EJA),15.0
2706802,Piaçabuçu,2022,censo_escolar,Matrícula,Municipal,Educação de Jovens e Adultos (EJA),2000.0
2706802,Piaçabuçu,2022,censo_escolar,Escolas,Municipal,Educação de Jovens e Adultos (EJA),20.0
2706802,Piaçabuçu,2022,censo_escolar,Matrícula,Federal,Educação de Jovens e Adultos (EJA),0.0
2706802,Piaçabuçu,2022,censo_escolar,Escolas,Federal,Educação de Jovens e Adultos (EJA),0.0
2706802,Piaçabuçu,2022,censo_escolar,Matrícula,Privada,Educação de Jovens e Adultos (EJA),1500.0
2706802,Piaçabuçu,2022,censo_escolar,Escolas,Privada,Educação de Jovens e Adultos (EJA),15.0
2706802,Piaçabuçu,2022,censo_escolar,Matrícula,Pública,Educação de Jovens e Adultos (EJA),3620.0
2706802,Piaçabuçu,2022,censo_escolar,Escolas,Pública,Educação de Jovens e Adultos (EJA),35.0
2706802,Piaçabuçu,2022,censo_escolar,Matrícula,Total,Educação de Jovens e Adultos (EJA),5120.0
2706802,Piaçabuçu,2022,censo_escolar,Escolas,Total,Educação de Jovens e Adultos (EJA),50.0
2706802,Piaçabuçu,2022,censo_escolar,Matrícula,Estadual,Educação Profissional,1620.0
2706802,Piaçabuçu,2022,censo_escolar,Escolas,Estadual,Educação Profissional,15.0
2706802,Piaçabuçu,2022,censo_escolar,Matrícula,Municipal,Educação Profissional,2000.0
2706802,Piaçabuçu,2022,censo_escolar,Escolas,Municipal,Educação Profissional,20.0
2706802,Piaçabuçu,2022,censo_escolar,Matrícula,Federal,Educação Profissional,0.0
2706802,Piaçabuçu,2022,censo_escolar,Escolas,Federal,Educação Profissional,0.0
2706802,Piaçabuçu,2022,censo_escolar,Matrícula,Privada,Educação Profissional,1500.0
2706802,Piaçabuçu,2022,censo_escolar,Escolas,Privada,Educação Profissional,15.0
2706802,Piaçabuçu,2022,censo_escolar,Matrícula,Pública,Educação Profissional,3620.0
2706802,Piaçabuçu,2022,censo_escolar,Escolas,Pública,Educação Profissional,35.0
2706802,Piaçabuçu,2022,censo_escolar,Matrícula,Total,Educação Profissional,5120.0
2706802,Piaçabuçu,2022,censo_escolar,Escolas,Total,Educação Profissional,50.0
2706802,Piaçabuçu,2022,indicadores_rendimento,Taxa de Aprovação,Estadual,Ensino Fundamental,95.00
2706802,Piaçabuçu,2022,indicadores_rendimento,Taxa de Reprovação,Estadual,Ensino Fundamental,3.50
2706802,Piaçabuçu,2022,indicadores_rendimento,Taxa de Abandono,Estadual,Ensino Fundamental,1.50
2706802,Piaçabuçu,2022,indicadores_rendimento,Taxa de Aprovação,Municipal,Ensino Fundamental,95.00
2706802,Piaçabuçu,2022,indicadores_rendimento,Taxa de Reprovação,Municipal,Ensino Fundamental,3.50
2706802,Piaçabuçu,2022,indicadores_rendimento,Taxa de Abandono,Municipal,Ensino Fundamental,1.50
2706802,Piaçabuçu,2022,indicadores_rendimento,Taxa de Aprovação,Federal,Ensino Fundamental,95.00
2706802,Piaçabuçu,2022,indicadores_rendimento,Taxa de Reprovação,Federal,Ensino Fundamental,3.50
2706802,Piaçabuçu,2022,indicadores_rendimento,Taxa de Abandono,Federal,Ensino Fundamental,1.50
2706802,Piaçabuçu,2022,indicadores_rendimento,Taxa de Aprovação,Privada,Ensino Fundamental,95.00
2706802,Piaçabuçu,2022,indicadores_rendimento,Taxa de Reprovação,Privada,Ensino Fundamental,3.50
2706802,Piaçabuçu,2022,indicadores_rendimento,Taxa de Abandono,Privada,Ensino Fundamental,1.50
2706802,Piaçabuçu,2022,indicadores_rendimento,Taxa de Aprovação,Pública,Ensino Fundamental,95.00
2706802,Piaçabuçu,2022,indicadores_rendimento,Taxa de Reprovação,Pública,Ensino Fundamental,3.50
2706802,Piaçabuçu,2022,indicadores_rendimento,Taxa de Abandono,Pública,Ensino Fundamental,1.50
2706802,Piaçabuçu,2022,indicadores_rendimento,Taxa de Aprovação,Total,Ensino Fundamental,95.00
2706802,Piaçabuçu,2022,indicadores_rendimento,Taxa de Reprovação,Total,Ensino Fundamental,3.50
2706802,Piaçabuçu,2022,indicadores_rendimento,Taxa de Abandono,Total,Ensino Fundamental,1.50
2706802,Piaçabuçu,2022,indicadores_rendimento,Taxa de Aprovação,Estadual,Ensino Médio,95.00
2706802,Piaçabuçu,2022,indicadores_rendimento,Taxa de Reprovação,Estadual,Ensino Médio,3.50
2706802,Piaçabuçu,2022,indicadores_rendimento,Taxa de Abandono,Estadual,Ensino Médio,1.50
2706802,Piaçabuçu,2022,indicadores_rendimento,Taxa de Aprovação,Municipal,Ensino Médio,95.00
2706802,Piaçabuçu,2022,indicadores_rendimento,Taxa de Reprovação,Municipal,Ensino Médio,3.50
2706802,Piaçabuçu,2022,indicadores_rendimento,Taxa de Abandono,Municipal,Ensino Médio,1.50
2706802,Piaçabuçu,2022,indicadores_rendimento,Taxa de Aprovação,Federal,Ensino Médio,95.00
2706802,Piaçabuçu,2022,indicadores_rendimento,Taxa de Reprovação,Federal,Ensino Médio,3.50
2706802,Piaçabuçu,2022,indicadores_rendimento,Taxa de Abandono,Federal,Ensino Médio,1.50
2706802,Piaçabuçu,2022,indicadores_rendimento,Taxa de Aprovação,Privada,Ensino Médio,95.00
2706802,Piaçabuçu,2022,indicadores_rendimento,Taxa de Reprovação,Privada,Ensino Médio,3.50
2706802,Piaçabuçu,2022,indicadores_rendimento,Taxa de Abandono,Privada,Ensino Médio,1.50
2706802,Piaçabuçu,2022,indicadores_rendimento,Taxa de Aprovação,Pública,Ensino Médio,95.00
2706802,Piaçabuçu,2022,indicadores_rendimento,Taxa de Reprovação,Pública,Ensino Médio,3.50
2706802,Piaçabuçu,2022,indicadores_rendimento,Taxa de Abandono,Pública,Ensino Médio,1.50
2706802,Piaçabuçu,2022,indicadores_rendimento,Taxa de Aprovação,Total,Ensino Médio,95.00
2706802,Piaçabuçu,2022,indicadores_rendimento,Taxa de Reprovação,Total,Ensino Médio,3.50
2706802,Piaçabuçu,2022,indicadores_rendimento,Taxa de Abandono,Total,Ensino Médio,1.50
2706802,Piaçabuçu,2022,censo_demografico,Pessoas Alfabetizadas,Não se aplica,Pessoas de 15 anos ou mais de idade,13891.0
2706802,Piaçabuçu,2022,censo_demografico,Pessoas Total,Não se aplica,Pessoas de 15 anos ou mais de idade,18000.0
2706802,Piaçabuçu,2022,censo_demografico,Taxa de Alfabetização,Não se aplica,Pessoas de 15 anos ou mais de idade,77.17
2706802,Piaçabuçu,2023,censo_escolar,Matrícula,Estadual,Educação Infantil,240.0
2706802,Piaçabuçu,2023,censo_escolar,Escolas,Estadual,Educação Infantil,15.0
2706802,Piaçabuçu,2023,censo_escolar,Matrícula,Municipal,Educação Infantil,280.0
2706802,Piaçabuçu,2023,censo_escolar,Escolas,Municipal,Educação Infantil,20.0
2706802,Piaçabuçu,2023,censo_escolar,Matrícula,Federal,Educação Infantil,0.0
2706802,Piaçabuçu,2023,censo_escolar,Escolas,Federal,Educação Infantil,0.0
2706802,Piaçabuçu,2023,censo_escolar,Matrícula,Privada,Educação Infantil,280.0
2706802,Piaçabuçu,2023,censo_escolar,Escolas,Privada,Educação Infantil,15.0
2706802,Piaçabuçu,2023,censo_escolar,Matrícula,Pública,Educação Infantil,520.0
2706802,Piaçabuçu,2023,censo_escolar,Escolas,Pública,Educação Infantil,35.0
2706802,Piaçabuçu,2023,censo_escolar,Escolas,Total,Educação Infantil,50.0
2706802,Piaçabuçu,2023,censo_escolar,Matrícula,Estadual,Ensino Fundamental,720.0
2706802,Piaçabuçu,2023,censo_escolar,Escolas,Estadual,Ensino Fundamental,15.0
2706802,Piaçabuçu,2023,censo_escolar,Matrícula,Municipal,Ensino Fundamental,840.0
2706802,Piaçabuçu,2023,censo_escolar,Escolas,Municipal,Ensino Fundamental,20.0
2706802,Piaçabuçu,2023,censo_escolar,Matrícula,Federal,Ensino Fundamental,0.0
2706802,Piaçabuçu,2023,censo_escolar,Escolas,Federal,Ensino Fundamental,0.0
2706802,Piaçabuçu,2023,censo_escolar,Matrícula,Privada,Ensino Fundamental,840.0
2706802,Piaçabuçu,2023,censo_escolar,Escolas,Privada,Ensino Fundamental,15.0
2706802,Piaçabuçu,2023,censo_escolar,Matrícula,Pública,Ensino Fundamental,1560.0
2706802,Piaçabuçu,2023,censo_escolar,Escolas,Pública,Ensino Fundamental,35.0
2706802,Piaçabuçu,2023,censo_escolar,Escolas,Total,Ensino Fundamental,50.0
2706802,Piaçabuçu,2023,censo_escolar,Matrícula,Estadual,Ensino Médio,300.0
2706802,Piaçabuçu,2023,censo_escolar,Escolas,Estadual,Ensino Médio,15.0
2706802,Piaçabuçu,2023,censo_escolar,Matrícula,Municipal,Ensino Médio,350.0
2706802,Piaçabuçu,2023,censo_escolar,Escolas,Municipal,Ensino Médio,20.0
2706802,Piaçabuçu,2023,censo_escolar,Matrícula,Federal,Ensino Médio,0.0
2706802,Piaçabuçu,2023,censo_escolar,Escolas,Federal,Ensino Médio,0.0
2706802,Piaçabuçu,2023,censo_escolar,Matrícula,Privada,Ensino Médio,350.0
2706802,Piaçabuçu,2023,censo_escolar,Escolas,Privada,Ensino Médio,15.0
2706802,Piaçabuçu,2023,censo_escolar,Matrícula,Pública,Ensino Médio,650.0
2706802,Piaçabuçu,2023,censo_escolar,Escolas,Pública,Ensino Médio,35.0
2706802,Piaçabuçu,2023,censo_escolar,Escolas,Total,Ensino Médio,50.0
2706802,Piaçabuçu,2023,censo_escolar,Matrícula,Estadual,Educação de Jovens e Adultos (EJA),90.0
2706802,Piaçabuçu,2023,censo_escolar,Escolas,Estadual,Educação de Jovens e Adultos (EJA),15.0
2706802,Piaçabuçu,2023,censo_escolar,Matrícula,Municipal,Educação de Jovens e Adultos (EJA),105.0
2706802,Piaçabuçu,2023,censo_escolar,Escolas,Municipal,Educação de Jovens e Adultos (EJA),20.0
2706802,Piaçabuçu,2023,censo_escolar,Matrícula,Federal,Educação de Jovens e Adultos (EJA),0.0
2706802,Piaçabuçu,2023,censo_escolar,Escolas,Federal,Educação de Jovens e Adultos (EJA),0.0
2706802,Piaçabuçu,2023,censo_escolar,Matrícula,Privada,Educação de Jovens e Adultos (EJA),105.0
2706802,Piaçabuçu,2023,censo_escolar,Escolas,Privada,Educação de Jovens e Adultos (EJA),15.0
2706802,Piaçabuçu,2023,censo_escolar,Matrícula,Pública,Educação de Jovens e Adultos (EJA),195.0
2706802,Piaçabuçu,2023,censo_escolar,Escolas,Pública,Educação de Jovens e Adultos (EJA),35.0
2706802,Piaçabuçu,2023,censo_escolar,Escolas,Total,Educação de Jovens e Adultos (EJA),50.0
2706802,Piaçabuçu,2023,censo_escolar,Matrícula,Estadual,Educação Profissional,60.0
2706802,Piaçabuçu,2023,censo_escolar,Escolas,Estadual,Educação Profissional,15.0
2706802,Piaçabuçu,2023,censo_escolar,Matrícula,Municipal,Educação Profissional,70.0
2706802,Piaçabuçu,2023,censo_escolar,Escolas,Municipal,Educação Profissional,20.0
2706802,Piaçabuçu,2023,censo_escolar,Matrícula,Federal,Educação Profissional,0.0
2706802,Piaçabuçu,2023,censo_escolar,Escolas,Federal,Educação Profissional,0.0
2706802,Piaçabuçu,2023,censo_escolar,Matrícula,Privada,Educação Profissional,70.0
2706802,Piaçabuçu,2023,censo_escolar,Escolas,Privada,Educação Profissional,15.0
2706802,Piaçabuçu,2023,censo_escolar,Matrícula,Pública,Educação Profissional,130.0
2706802,Piaçabuçu,2023,censo_escolar,Escolas,Pública,Educação Profissional,35.0
2706802,Piaçabuçu,2023,censo_escolar,Escolas,Total,Educação Profissional,50.0
2706802,Piaçabuçu,2023,indicadores_rendimento,Taxa de Aprovação,Estadual,Ensino Fundamental,95.00
2706802,Piaçabuçu,2023,indicadores_rendimento,Taxa de Reprovação,Estadual,Ensino Fundamental,3.50
2706802,Piaçabuçu,2023,indicadores_rendimento,Taxa de Abandono,Estadual,Ensino Fundamental,1.50
2706802,Piaçabuçu,2023,indicadores_rendimento,Taxa de Aprovação,Municipal,Ensino Fundamental,95.00
2706802,Piaçabuçu,2023,indicadores_rendimento,Taxa de Reprovação,Municipal,Ensino Fundamental,3.50
2706802,Piaçabuçu,2023,indicadores_rendimento,Taxa de Abandono,Municipal,Ensino Fundamental,1.50
2706802,Piaçabuçu,2023,indicadores_rendimento,Taxa de Aprovação,Federal,Ensino Fundamental,95.00
2706802,Piaçabuçu,2023,indicadores_rendimento,Taxa de Reprovação,Federal,Ensino Fundamental,3.50
2706802,Piaçabuçu,2023,indicadores_rendimento,Taxa de Abandono,Federal,Ensino Fundamental,1.50
2706802,Piaçabuçu,2023,indicadores_rendimento,Taxa de Aprovação,Privada,Ensino Fundamental,95.00
2706802,Piaçabuçu,2023,indicadores_rendimento,Taxa de Reprovação,Privada,Ensino Fundamental,3.50
2706802,Piaçabuçu,2023,indicadores_rendimento,Taxa de Abandono,Privada,Ensino Fundamental,1.50
2706802,Piaçabuçu,2023,indicadores_rendimento,Taxa de Aprovação,Pública,Ensino Fundamental,95.00
2706802,Piaçabuçu,2023,indicadores_rendimento,Taxa de Reprovação,Pública,Ensino Fundamental,3.50
2706802,Piaçabuçu,2023,indicadores_rendimento,Taxa de Abandono,Pública,Ensino Fundamental,1.50
2706802,Piaçabuçu,2023,indicadores_rendimento,Taxa de Reprovação,Total,Ensino Fundamental,4.20
2706802,Piaçabuçu,2023,indicadores_rendimento,Taxa de Abandono,Total,Ensino Fundamental,1.80
2706802,Piaçabuçu,2023,indicadores_rendimento,Taxa de Aprovação,Estadual,Ensino Médio,95.00
2706802,Piaçabuçu,2023,indicadores_rendimento,Taxa de Reprovação,Estadual,Ensino Médio,3.50
2706802,Piaçabuçu,2023,indicadores_rendimento,Taxa de Abandono,Estadual,Ensino Médio,1.50
2706802,Piaçabuçu,2023,indicadores_rendimento,Taxa de Aprovação,Municipal,Ensino Médio,95.00
2706802,Piaçabuçu,2023,indicadores_rendimento,Taxa de Reprovação,Municipal,Ensino Médio,3.50
2706802,Piaçabuçu,2023,indicadores_rendimento,Taxa de Abandono,Municipal,Ensino Médio,1.50
2706802,Piaçabuçu,2023,indicadores_rendimento,Taxa de Aprovação,Federal,Ensino Médio,95.00
2706802,Piaçabuçu,2023,indicadores_rendimento,Taxa de Reprovação,Federal,Ensino Médio,3.50
2706802,Piaçabuçu,2023,indicadores_rendimento,Taxa de Abandono,Federal,Ensino Médio,1.50
2706802,Piaçabuçu,2023,indicadores_rendimento,Taxa de Aprovação,Privada,Ensino Médio,95.00
2706802,Piaçabuçu,2023,indicadores_rendimento,Taxa de Reprovação,Privada,Ensino Médio,3.50
2706802,Piaçabuçu,2023,indicadores_rendimento,Taxa de Abandono,Privada,Ensino Médio,1.50
2706802,Piaçabuçu,2023,indicadores_rendimento,Taxa de Aprovação,Pública,Ensino Médio,95.00
2706802,Piaçabuçu,2023,indicadores_rendimento,Taxa de Reprovação,Pública,Ensino Médio,3.50
2706802,Piaçabuçu,2023,indicadores_rendimento,Taxa de Abandono,Pública,Ensino Médio,1.50
2706802,Piaçabuçu,2023,indicadores_rendimento,Taxa de Aprovação,Total,Ensino Médio,95.00
2706802,Piaçabuçu,2023,indicadores_rendimento,Taxa de Reprovação,Total,Ensino Médio,3.50
2706802,Piaçabuçu,2023,indicadores_rendimento,Taxa de Abandono,Total,Ensino Médio,1.50
2700300,Arapiraca,2010,censo_escolar,Matrícula,Estadual,Educação Infantil,1500.0
2700300,Arapiraca,2010,censo_escolar,Escolas,Estadual,Educação Infantil,15.0
2700300,Arapiraca,2010,censo_escolar,Matrícula,Municipal,Educação Infantil,2000.0
2700300,Arapiraca,2010,censo_escolar,Escolas,Municipal,Educação Infantil,20.0
2700300,Arapiraca,2010,censo_escolar,Matrícula,Federal,Educação Infantil,0.0
2700300,Arapiraca,2010,censo_escolar,Escolas,Federal,Educação Infantil,0.0
2700300,Arapiraca,2010,censo_escolar,Matrícula,Privada,Educação Infantil,1500.0
2700300,Arapiraca,2010,censo_escolar,Escolas,Privada,Educação Infantil,15.0
2700300,Arapiraca,2010,censo_escolar,Matrícula,Pública,Educação Infantil,3500.0
2700300,Arapiraca,2010,censo_escolar,Escolas,Pública,Educação Infantil,35.0
2700300,Arapiraca,2010,censo_escolar,Matrícula,Total,Educação Infantil,5000.0
2700300,Arapiraca,2010,censo_escolar,Escolas,Total,Educação Infantil,50.0
2700300,Arapiraca,2010,censo_escolar,Matrícula,Estadual,Ensino Fundamental,1500.0
2700300,Arapiraca,2010,censo_escolar,Escolas,Estadual,Ensino Fundamental,15.0
2700300,Arapiraca,2010,censo_escolar,Matrícula,Municipal,Ensino Fundamental,2000.0
2700300,Arapiraca,2010,censo_escolar,Escolas,Municipal,Ensino Fundamental,20.0
2700300,Arapiraca,2010,censo_escolar,Matrícula,Federal,Ensino Fundamental,0.0
2700300,Arapiraca,2010,censo_escolar,Escolas,Federal,Ensino Fundamental,0.0
2700300,Arapiraca,2010,censo_escolar,Matrícula,Privada,Ensino Fundamental,1500.0
2700300,Arapiraca,2010,censo_escolar,Escolas,Privada,Ensino Fundamental,15.0
2700300,Arapiraca,2010,censo_escolar,Matrícula,Pública,Ensino Fundamental,3500.0
2700300,Arapiraca,2010,censo_escolar,Escolas,Pública,Ensino Fundamental,35.0
2700300,Arapiraca,2010,censo_escolar,Matrícula,Total,Ensino Fundamental,5000.0
2700300,Arapiraca,2010,censo_escolar,Escolas,Total,Ensino Fundamental,50.0
2700300,Arapiraca,2010,censo_escolar,Matrícula,Estadual,Ensino Médio,1500.0
2700300,Arapiraca,2010,censo_escolar,Escolas,Estadual,Ensino Médio,15.0
2700300,Arapiraca,2010,censo_escolar,Matrícula,Municipal,Ensino Médio,2000.0
2700300,Arapiraca,2010,censo_escolar,Escolas,Municipal,Ensino Médio,20.0
2700300,Arapiraca,2010,censo_escolar,Matrícula,Federal,Ensino Médio,0.0
2700300,Arapiraca,2010,censo_escolar,Escolas,Federal,Ensino Médio,0.0
2700300,Arapiraca,2010,censo_escolar,Matrícula,Privada,Ensino Médio,1500.0
2700300,Arapiraca,2010,censo_escolar,Escolas,Privada,Ensino Médio,15.0
2700300,Arapiraca,2010,censo_escolar,Matrícula,Pública,Ensino Médio,3500.0
2700300,Arapiraca,2010,censo_escolar,Escolas,Pública,Ensino Médio,35.0
2700300,Arapiraca,2010,censo_escolar,Matrícula,Total,Ensino Médio,5000.0
2700300,Arapiraca,2010,censo_escolar,Escolas,Total,Ensino Médio,50.0
2700300,Arapiraca,2010,censo_escolar,Matrícula,Estadual,Educação de Jovens e Adultos (EJA),1500.0
2700300,Arapiraca,2010,censo_escolar,Escolas,Estadual,Educação de Jovens e Adultos (EJA),15.0
2700300,Arapiraca,2010,censo_escolar,Matrícula,Municipal,Educação de Jovens e Adultos (EJA),2000.0
2700300,Arapiraca,2010,censo_escolar,Escolas,Municipal,Educação de Jovens e Adultos (EJA),20.0
2700300,Arapiraca,2010,censo_escolar,Matrícula,Federal,Educação de Jovens e Adultos (EJA),0.0
2700300,Arapiraca,2010,censo_escolar,Escolas,Federal,Educação de Jovens e Adultos (EJA),0.0
2700300,Arapiraca,2010,censo_escolar,Matrícula,Privada,Educação de Jovens e Adultos (EJA),1500.0
2700300,Arapiraca,2010,censo_escolar,Escolas,Privada,Educação de Jovens e Adultos (EJA),15.0
2700300,Arapiraca,2010,censo_escolar,Matrícula,Pública,Educação de Jovens e Adultos (EJA),3500.0
2700300,Arapiraca,2010,censo_escolar,Escolas,Pública,Educação de Jovens e Adultos (EJA),35.0
2700300,Arapiraca,2010,censo_escolar,Matrícula,Total,Educação de Jovens e Adultos (EJA),5000.0
2700300,Arapiraca,2010,censo_escolar,Escolas,Total,Educação de Jovens e Adultos (EJA),50.0
2700300,Arapiraca,2010,censo_escolar,Matrícula,Estadual,Educação Profissional,1500.0
2700300,Arapiraca,2010,censo_escolar,Escolas,Estadual,Educação Profissional,15.0
2700300,Arapiraca,2010,censo_escolar,Matrícula,Municipal,Educação Profissional,2000.0
2700300,Arapiraca,2010,censo_escolar,Escolas,Municipal,Educação Profissional,20.0
2700300,Arapiraca,2010,censo_escolar,Matrícula,Federal,Educação Profissional,0.0
2700300,Arapiraca,2010,censo_escolar,Escolas,Federal,Educação Profissional,0.0
2700300,Arapiraca,2010,censo_escolar,Matrícula,Privada,Educação Profissional,1500.0
2700300,Arapiraca,2010,censo_escolar,Escolas,Privada,Educação Profissional,15.0
2700300,Arapiraca,2010,censo_escolar,Matrícula,Pública,Educação Profissional,3500.0
2700300,Arapiraca,2010,censo_escolar,Escolas,Pública,Educação Profissional,35.0
2700300,Arapiraca,2010,censo_escolar,Matrícula,Total,Educação Profissional,5000.0
2700300,Arapiraca,2010,censo_escolar,Escolas,Total,Educação Profissional,50.0
2700300,Arapiraca,2010,indicadores_rendimento,Taxa de Aprovação,Estadual,Ensino Fundamental,95.00
2700300,Arapiraca,2010,indicadores_rendimento,Taxa de Reprovação,Estadual,Ensino Fundamental,3.50
2700300,Arapiraca,2010,indicadores_rendimento,Taxa de Abandono,Estadual,Ensino Fundamental,1.50
2700300,Arapiraca,2010,indicadores_rendimento,Taxa de Aprovação,Municipal,Ensino Fundamental,95.00
2700300,Arapiraca,2010,indicadores_rendimento,Taxa de Reprovação,Municipal,Ensino Fundamental,3.50
2700300,Arapiraca,2010,indicadores_rendimento,Taxa de Abandono,Municipal,Ensino Fundamental,1.50
2700300,Arapiraca,2010,indicadores_rendimento,Taxa de Aprovação,Federal,Ensino Fundamental,95.00
2700300,Arapiraca,2010,indicadores_rendimento,Taxa de Reprovação,Federal,Ensino Fundamental,3.50
2700300,Arapiraca,2010,indicadores_rendimento,Taxa de Abandono,Federal,Ensino Fundamental,1.50
2700300,Arapiraca,2010,indicadores_rendimento,Taxa de Aprovação,Privada,Ensino Fundamental,95.00
2700300,Arapiraca,2010,indicadores_rendimento,Taxa de Reprovação,Privada,Ensino Fundamental,3.50
2700300,Arapiraca,2010,indicadores_rendimento,Taxa de Abandono,Privada,Ensino Fundamental,1.50
2700300,Arapiraca,2010,indicadores_rendimento,Taxa de Aprovação,Pública,Ensino Fundamental,95.00
2700300,Arapiraca,2010,indicadores_rendimento,Taxa de Reprovação,Pública,Ensino Fundamental,3.50
2700300,Arapiraca,2010,indicadores_rendimento,Taxa de Abandono,Pública,Ensino Fundamental,1.50
2700300,Arapiraca,2010,indicadores_rendimento,Taxa de Aprovação,Total,Ensino Fundamental,95.00
2700300,Arapiraca,2010,indicadores_rendimento,Taxa de Reprovação,Total,Ensino Fundamental,3.50
2700300,Arapiraca,2010,indicadores_rendimento,Taxa de Abandono,Total,Ensino Fundamental,1.50
2700300,Arapiraca,2010,indicadores_rendimento,Taxa de Aprovação,Estadual,Ensino Médio,95.00
2700300,Arapiraca,2010,indicadores_rendimento,Taxa de Reprovação,Estadual,Ensino Médio,3.50
2700300,Arapiraca,2010,indicadores_rendimento,Taxa de Abandono,Estadual,Ensino Médio,1.50
2700300,Arapiraca,2010,indicadores_rendimento,Taxa de Aprovação,Municipal,Ensino Médio,95.00
2700300,Arapiraca,2010,indicadores_rendimento,Taxa de Reprovação,Municipal,Ensino Médio,3.50
2700300,Arapiraca,2010,indicadores_rendimento,Taxa de Abandono,Municipal,Ensino Médio,1.50
2700300,Arapiraca,2010,indicadores_rendimento,Taxa de Aprovação,Federal,Ensino Médio,95.00
2700300,Arapiraca,2010,indicadores_rendimento,Taxa de Reprovação,Federal,Ensino Médio,3.50
2700300,Arapiraca,2010,indicadores_rendimento,Taxa de Abandono,Federal,Ensino Médio,1.50
2700300,Arapiraca,2010,indicadores_rendimento,Taxa de Aprovação,Privada,Ensino Médio,95.00
2700300,Arapiraca,2010,indicadores_rendimento,Taxa de Reprovação,Privada,Ensino Médio,3.50
2700300,Arapiraca,2010,indicadores_rendimento,Taxa de Abandono,Privada,Ensino Médio,1.50
2700300,Arapiraca,2010,indicadores_rendimento,Taxa de Aprovação,Pública,Ensino Médio,95.00
2700300,Arapiraca,2010,indicadores_rendimento,Taxa de Reprovação,Pública,Ensino Médio,3.50
2700300,Arapiraca,2010,indicadores_rendimento,Taxa de Abandono,Pública,Ensino Médio,1.50
2700300,Arapiraca,2010,indicadores_rendimento,Taxa de Aprovação,Total,Ensino Médio,95.00
2700300,Arapiraca,2010,indicadores_rendimento,Taxa de Reprovação,Total,Ensino Médio,3.50
2700300,Arapiraca,2010,indicadores_rendimento,Taxa de Abandono,Total,Ensino Médio,1.50
2700300,Arapiraca,2010,censo_demografico,Pessoas Alfabetizadas,Não se aplica,Pessoas de 15 anos ou mais de idade,85000.0
2700300,Arapiraca,2010,censo_demografico,Pessoas Total,Não se aplica,Pessoas de 15 anos ou mais de idade,100000.0
2700300,Arapiraca,2010,censo_demografico,Taxa de Alfabetização,Não se aplica,Pessoas de 15 anos ou mais de idade,80.00
2700300,Arapiraca,2010,censo_demografico,Taxa de Analfabetismo,Não se aplica,Pessoas de 15 anos ou mais de idade,20.00
2700300,Arapiraca,2019,censo_escolar,Matrícula,Estadual,Educação Infantil,1590.0
2700300,Arapiraca,2019,censo_escolar,Escolas,Estadual,Educação Infantil,15.0
2700300,Arapiraca,2019,censo_escolar,Matrícula,Municipal,Educação Infantil,2000.0
2700300,Arapiraca,2019,censo_escolar,Escolas,Municipal,Educação Infantil,20.0
2700300,Arapiraca,2019,censo_escolar,Matrícula,Federal,Educação Infantil,0.0
2700300,Arapiraca,2019,censo_escolar,Escolas,Federal,Educação Infantil,0.0
2700300,Arapiraca,2019,censo_escolar,Matrícula,Privada,Educação Infantil,1500.0
2700300,Arapiraca,2019,censo_escolar,Escolas,Privada,Educação Infantil,15.0
2700300,Arapiraca,2019,censo_escolar,Matrícula,Pública,Educação Infantil,3590.0
2700300,Arapiraca,2019,censo_escolar,Escolas,Pública,Educação Infantil,35.0
2700300,Arapiraca,2019,censo_escolar,Matrícula,Total,Educação Infantil,5090.0
2700300,Arapiraca,2019,censo_escolar,Escolas,Total,Educação Infantil,50.0
2700300,Arapiraca,2019,censo_escolar,Matrícula,Estadual,Ensino Fundamental,1590.0
2700300,Arapiraca,2019,censo_escolar,Escolas,Estadual,Ensino Fundamental,15.0
2700300,Arapiraca,2019,censo_escolar,Matrícula,Municipal,Ensino Fundamental,2000.0
2700300,Arapiraca,2019,censo_escolar,Escolas,Municipal,Ensino Fundamental,20.0
2700300,Arapiraca,2019,censo_escolar,Matrícula,Federal,Ensino Fundamental,0.0
2700300,Arapiraca,2019,censo_escolar,Escolas,Federal,Ensino Fundamental,0.0
2700300,Arapiraca,2019,censo_escolar,Matrícula,Privada,Ensino Fundamental,1500.0
2700300,Arapiraca,2019,censo_escolar,Escolas,Privada,Ensino Fundamental,15.0
2700300,Arapiraca,2019,censo_escolar,Matrícula,Pública,Ensino Fundamental,3590.0
2700300,Arapiraca,2019,censo_escolar,Escolas,Pública,Ensino Fundamental,35.0
2700300,Arapiraca,2019,censo_escolar,Matrícula,Total,Ensino Fundamental,5090.0
2700300,Arapiraca,2019,censo_escolar,Escolas,Total,Ensino Fundamental,50.0
2700300,Arapiraca,2019,censo_escolar,Matrícula,Estadual,Ensino Médio,1590.0
2700300,Arapiraca,2019,censo_escolar,Escolas,Estadual,Ensino Médio,15.0
2700300,Arapiraca,2019,censo_escolar,Matrícula,Municipal,Ensino Médio,2000.0
2700300,Arapiraca,2019,censo_escolar,Escolas,Municipal,Ensino Médio,20.0
2700300,Arapiraca,2019,censo_escolar,Matrícula,Federal,Ensino Médio,0.0
2700300,Arapiraca,2019,censo_escolar,Escolas,Federal,Ensino Médio,0.0
2700300,Arapiraca,2019,censo_escolar,Matrícula,Privada,Ensino Médio,1500.0
2700300,Arapiraca,2019,censo_escolar,Escolas,Privada,Ensino Médio,15.0
2700300,Arapiraca,2019,censo_escolar,Matrícula,Pública,Ensino Médio,3590.0
2700300,Arapiraca,2019,censo_escolar,Escolas,Pública,Ensino Médio,35.0
2700300,Arapiraca,2019,censo_escolar,Matrícula,Total,Ensino Médio,5090.0
2700300,Arapiraca,2019,censo_escolar,Escolas,Total,Ensino Médio,50.0
2700300,Arapiraca,2019,censo_escolar,Matrícula,Estadual,Educação de Jovens e Adultos (EJA),1590.0
2700300,Arapiraca,2019,censo_escolar,Escolas,Estadual,Educação de Jovens e Adultos (EJA),15.0
2700300,Arapiraca,2019,censo_escolar,Matrícula,Municipal,Educação de Jovens e Adultos (EJA),2000.0
2700300,Arapiraca,2019,censo_escolar,Escolas,Municipal,Educação de Jovens e Adultos (EJA),20.0
2700300,Arapiraca,2019,censo_escolar,Matrícula,Federal,Educação de Jovens e Adultos (EJA),0.0
2700300,Arapiraca,2019,censo_escolar,Escolas,Federal,Educação de Jovens e Adultos (EJA),0.0
2700300,Arapiraca,2019,censo_escolar,Matrícula,Privada,Educação de Jovens e Adultos (EJA),1500.0
2700300,Arapiraca,2019,censo_escolar,Escolas,Privada,Educação de Jovens e Adultos (EJA),15.0
2700300,Arapiraca,2019,censo_escolar,Matrícula,Pública,Educação de Jovens e Adultos (EJA),3590.0
2700300,Arapiraca,2019,censo_escolar,Escolas,Pública,Educação de Jovens e Adultos (EJA),35.0
2700300,Arapiraca,2019,censo_escolar,Matrícula,Total,Educação de Jovens e Adultos (EJA),5090.0
2700300,Arapiraca,2019,censo_escolar,Escolas,Total,Educação de Jovens e Adultos (EJA),50.0
2700300,Arapiraca,2019,censo_escolar,Matrícula,Estadual,Educação Profissional,1590.0
2700300,Arapiraca,2019,censo_escolar,Escolas,Estadual,Educação Profissional,15.0
2700300,Arapiraca,2019,censo_escolar,Matrícula,Municipal,Educação Profissional,2000.0
2700300,Arapiraca,2019,censo_escolar,Escolas,Municipal,Educação Profissional,20.0
2700300,Arapiraca,2019,censo_escolar,Matrícula,Federal,Educação Profissional,0.0
2700300,Arapiraca,2019,censo_escolar,Escolas,Federal,Educação Profissional,0.0
2700300,Arapiraca,2019,censo_escolar,Matrícula,Privada,Educação Profissional,1500.0
2700300,Arapiraca,2019,censo_escolar,Escolas,Privada,Educação Profissional,15.0
2700300,Arapiraca,2019,censo_escolar,Matrícula,Pública,Educação Profissional,3590.0
2700300,Arapiraca,2019,censo_escolar,Escolas,Pública,Educação Profissional,35.0
2700300,Arapiraca,2019,censo_escolar,Matrícula,Total,Educação Profissional,5090.0
2700300,Arapiraca,2019,censo_escolar,Escolas,Total,Educação Profissional,50.0
2700300,Arapiraca,2019,indicadores_rendimento,Taxa de Aprovação,Estadual,Ensino Fundamental,95.00
2700300,Arapiraca,2019,indicadores_rendimento,Taxa de Reprovação,Estadual,Ensino Fundamental,3.50
2700300,Arapiraca,2019,indicadores_rendimento,Taxa de Abandono,Estadual,Ensino Fundamental,1.50
2700300,Arapiraca,2019,indicadores_rendimento,Taxa de Aprovação,Municipal,Ensino Fundamental,95.00
2700300,Arapiraca,2019,indicadores_rendimento,Taxa de Reprovação,Municipal,Ensino Fundamental,3.50
2700300,Arapiraca,2019,indicadores_rendimento,Taxa de Abandono,Municipal,Ensino Fundamental,1.50
2700300,Arapiraca,2019,indicadores_rendimento,Taxa de Aprovação,Federal,Ensino Fundamental,95.00
2700300,Arapiraca,2019,indicadores_rendimento,Taxa de Reprovação,Federal,Ensino Fundamental,3.50
2700300,Arapiraca,2019,indicadores_rendimento,Taxa de Abandono,Federal,Ensino Fundamental,1.50
2700300,Arapiraca,2019,indicadores_rendimento,Taxa de Aprovação,Privada,Ensino Fundamental,95.00
2700300,Arapiraca,2019,indicadores_rendimento,Taxa de Reprovação,Privada,Ensino Fundamental,3.50
2700300,Arapiraca,2019,indicadores_rendimento,Taxa de Abandono,Privada,Ensino Fundamental,1.50
2700300,Arapiraca,2019,indicadores_rendimento,Taxa de Aprovação,Pública,Ensino Fundamental,95.00
2700300,Arapiraca,2019,indicadores_rendimento,Taxa de Reprovação,Pública,Ensino Fundamental,3.50
2700300,Arapiraca,2019,indicadores_rendimento,Taxa de Abandono,Pública,Ensino Fundamental,1.50
2700300,Arapiraca,2019,indicadores_rendimento,Taxa de Aprovação,Total,Ensino Fundamental,95.00
2700300,Arapiraca,2019,indicadores_rendimento,Taxa de Reprovação,Total,Ensino Fundamental,3.50
2700300,Arapiraca,2019,indicadores_rendimento,Taxa de Abandono,Total,Ensino Fundamental,1.50
2700300,Arapiraca,2019,indicadores_rendimento,Taxa de Aprovação,Estadual,Ensino Médio,95.00
2700300,Arapiraca,2019,indicadores_rendimento,Taxa de Reprovação,Estadual,Ensino Médio,3.50
2700300,Arapiraca,2019,indicadores_rendimento,Taxa de Abandono,Estadual,Ensino Médio,1.50
2700300,Arapiraca,2019,indicadores_rendimento,Taxa de Aprovação,Municipal,Ensino Médio,95.00
2700300,Arapiraca,2019,indicadores_rendimento,Taxa de Reprovação,Municipal,Ensino Médio,3.50
2700300,Arapiraca,2019,indicadores_rendimento,Taxa de Abandono,Municipal,Ensino Médio,1.50
2700300,Arapiraca,2019,indicadores_rendimento,Taxa de Aprovação,Federal,Ensino Médio,95.00
2700300,Arapiraca,2019,indicadores_rendimento,Taxa de Reprovação,Federal,Ensino Médio,3.50
2700300,Arapiraca,2019,indicadores_rendimento,Taxa de Abandono,Federal,Ensino Médio,1.50
2700300,Arapiraca,2019,indicadores_rendimento,Taxa de Aprovação,Privada,Ensino Médio,95.00
2700300,Arapiraca,2019,indicadores_rendimento,Taxa de Reprovação,Privada,Ensino Médio,3.50
2700300,Arapiraca,2019,indicadores_rendimento,Taxa de Abandono,Privada,Ensino Médio,1.50
2700300,Arapiraca,2019,indicadores_rendimento,Taxa de Aprovação,Pública,Ensino Médio,95.00
2700300,Arapiraca,2019,indicadores_rendimento,Taxa de Reprovação,Pública,Ensino Médio,3.50
2700300,Arapiraca,2019,indicadores_rendimento,Taxa de Abandono,Pública,Ensino Médio,1.50
2700300,Arapiraca,2019,indicadores_rendimento,Taxa de Aprovação,Total,Ensino Médio,95.00
2700300,Arapiraca,2019,indicadores_rendimento,Taxa de Reprovação,Total,Ensino Médio,3.50
2700300,Arapiraca,2019,indicadores_rendimento,Taxa de Abandono,Total,Ensino Médio,1.50
2700300,Arapiraca,2021,censo_escolar,Matrícula,Estadual,Educação Infantil,1610.0
2700300,Arapiraca,2021,censo_escolar,Escolas,Estadual,Educação Infantil,15.0
2700300,Arapiraca,2021,censo_escolar,Matrícula,Municipal,Educação Infantil,2000.0
2700300,Arapiraca,2021,censo_escolar,Escolas,Municipal,Educação Infantil,20.0
2700300,Arapiraca,2021,censo_escolar,Matrícula,Federal,Educação Infantil,0.0
2700300,Arapiraca,2021,censo_escolar,Escolas,Federal,Educação Infantil,0.0
2700300,Arapiraca,2021,censo_escolar,Matrícula,Privada,Educação Infantil,1500.0
2700300,Arapiraca,2021,censo_escolar,Escolas,Privada,Educação Infantil,15.0
2700300,Arapiraca,2021,censo_escolar,Matrícula,Pública,Educação Infantil,3610.0
2700300,Arapiraca,2021,censo_escolar,Escolas,Pública,Educação Infantil,35.0
2700300,Arapiraca,2021,censo_escolar,Matrícula,Total,Educação Infantil,5110.0
2700300,Arapiraca,2021,censo_escolar,Escolas,Total,Educação Infantil,50.0
2700300,Arapiraca,2021,censo_escolar,Matrícula,Estadual,Ensino Fundamental,1610.0
2700300,Arapiraca,2021,censo_escolar,Escolas,Estadual,Ensino Fundamental,15.0
2700300,Arapiraca,2021,censo_escolar,Matrícula,Municipal,Ensino Fundamental,2000.0
2700300,Arapiraca,2021,censo_escolar,Escolas,Municipal,Ensino Fundamental,20.0
2700300,Arapiraca,2021,censo_escolar,Matrícula,Federal,Ensino Fundamental,0.0
2700300,Arapiraca,2021,censo_escolar,Escolas,Federal,Ensino Fundamental,0.0
2700300,Arapiraca,2021,censo_escolar,Matrícula,Privada,Ensino Fundamental,1500.0
2700300,Arapiraca,2021,censo_escolar,Escolas,Privada,Ensino Fundamental,15.0
2700300,Arapiraca,2021,censo_escolar,Matrícula,Pública,Ensino Fundamental,3610.0
2700300,Arapiraca,2021,censo_escolar,Escolas,Pública,Ensino Fundamental,35.0
2700300,Arapiraca,2021,censo_escolar,Matrícula,Total,Ensino Fundamental,5110.0
2700300,Arapiraca,2021,censo_escolar,Escolas,Total,Ensino Fundamental,50.0
2700300,Arapiraca,2021,censo_escolar,Matrícula,Estadual,Ensino Médio,1610.0
2700300,Arapiraca,2021,censo_escolar,Escolas,Estadual,Ensino Médio,15.0
2700300,Arapiraca,2021,censo_escolar,Matrícula,Municipal,Ensino Médio,2000.0
2700300,Arapiraca,2021,censo_escolar,Escolas,Municipal,Ensino Médio,20.0
2700300,Arapiraca,2021,censo_escolar,Matrícula,Federal,Ensino Médio,0.0
2700300,Arapiraca,2021,censo_escolar,Escolas,Federal,Ensino Médio,0.0
2700300,Arapiraca,2021,censo_escolar,Matrícula,Privada,Ensino Médio,1500.0
2700300,Arapiraca,2021,censo_escolar,Escolas,Privada,Ensino Médio,15.0
2700300,Arapiraca,2021,censo_escolar,Matrícula,Pública,Ensino Médio,3610.0
2700300,Arapiraca,2021,censo_escolar,Escolas,Pública,Ensino Médio,35.0
2700300,Arapiraca,2021,censo_escolar,Matrícula,Total,Ensino Médio,5110.0
2700300,Arapiraca,2021,censo_escolar,Escolas,Total,Ensino Médio,50.0
2700300,Arapiraca,2021,censo_escolar,Matrícula,Estadual,Educação de Jovens e Adultos (EJA),1610.0
2700300,Arapiraca,2021,censo_escolar,Escolas,Estadual,Educação de Jovens e Adultos (EJA),15.0
2700300,Arapiraca,2021,censo_escolar,Matrícula,Municipal,Educação de Jovens e Adultos (EJA),2000.0
2700300,Arapiraca,2021,censo_escolar,Escolas,Municipal,Educação de Jovens e Adultos (EJA),20.0
2700300,Arapiraca,2021,censo_escolar,Matrícula,Federal,Educação de Jovens e Adultos (EJA),0.0
2700300,Arapiraca,2021,censo_escolar,Escolas,Federal,Educação de Jovens e Adultos (EJA),0.0
2700300,Arapiraca,2021,censo_escolar,Matrícula,Privada,Educação de Jovens e Adultos (EJA),1500.0
2700300,Arapiraca,2021,censo_escolar,Escolas,Privada,Educação de Jovens e Adultos (EJA),15.0
2700300,Arapiraca,2021,censo_escolar,Matrícula,Pública,Educação de Jovens e Adultos (EJA),3610.0
2700300,Arapiraca,2021,censo_escolar,Escolas,Pública,Educação de Jovens e Adultos (EJA),35.0
2700300,Arapiraca,2021,censo_escolar,Matrícula,Total,Educação de Jovens e Adultos (EJA),5110.0
2700300,Arapiraca,2021,censo_escolar,Escolas,Total,Educação de Jovens e Adultos (EJA),50.0
2700300,Arapiraca,2021,censo_escolar,Matrícula,Estadual,Educação Profissional,1610.0
2700300,Arapiraca,2021,censo_escolar,Escolas,Estadual,Educação Profissional,15.0
2700300,Arapiraca,2021,censo_escolar,Matrícula,Municipal,Educação Profissional,2000.0
2700300,Arapiraca,2021,censo_escolar,Escolas,Municipal,Educação Profissional,20.0
2700300,Arapiraca,2021,censo_escolar,Matrícula,Federal,Educação Profissional,0.0
2700300,Arapiraca,2021,censo_escolar,Escolas,Federal,Educação Profissional,0.0
2700300,Arapiraca,2021,censo_escolar,Matrícula,Privada,Educação Profissional,1500.0
2700300,Arapiraca,2021,censo_escolar,Escolas,Privada,Educação Profissional,15.0
2700300,Arapiraca,2021,censo_escolar,Matrícula,Pública,Educação Profissional,3610.0
2700300,Arapiraca,2021,censo_escolar,Escolas,Pública,Educação Profissional,35.0
2700300,Arapiraca,2021,censo_escolar,Matrícula,Total,Educação Profissional,5110.0
2700300,Arapiraca,2021,censo_escolar,Escolas,Total,Educação Profissional,50.0
2700300,Arapiraca,2021,indicadores_rendimento,Taxa de Aprovação,Estadual,Ensino Fundamental,95.00
2700300,Arapiraca,2021,indicadores_rendimento,Taxa de Reprovação,Estadual,Ensino Fundamental,3.50
2700300,Arapiraca,2021,indicadores_rendimento,Taxa de Abandono,Estadual,Ensino Fundamental,1.50
2700300,Arapiraca,2021,indicadores_rendimento,Taxa de Aprovação,Municipal,Ensino Fundamental,95.00
2700300,Arapiraca,2021,indicadores_rendimento,Taxa de Reprovação,Municipal,Ensino Fundamental,3.50
2700300,Arapiraca,2021,indicadores_rendimento,Taxa de Abandono,Municipal,Ensino Fundamental,1.50
2700300,Arapiraca,2021,indicadores_rendimento,Taxa de Aprovação,Federal,Ensino Fundamental,95.00
2700300,Arapiraca,2021,indicadores_rendimento,Taxa de Reprovação,Federal,Ensino Fundamental,3.50
2700300,Arapiraca,2021,indicadores_rendimento,Taxa de Abandono,Federal,Ensino Fundamental,1.50
2700300,Arapiraca,2021,indicadores_rendimento,Taxa de Aprovação,Privada,Ensino Fundamental,95.00
2700300,Arapiraca,2021,indicadores_rendimento,Taxa de Reprovação,Privada,Ensino Fundamental,3.50
2700300,Arapiraca,2021,indicadores_rendimento,Taxa de Abandono,Privada,Ensino Fundamental,1.50
2700300,Arapiraca,2021,indicadores_rendimento,Taxa de Aprovação,Pública,Ensino Fundamental,95.00
2700300,Arapiraca,2021,indicadores_rendimento,Taxa de Reprovação,Pública,Ensino Fundamental,3.50
2700300,Arapiraca,2021,indicadores_rendimento,Taxa de Abandono,Pública,Ensino Fundamental,1.50
2700300,Arapiraca,2021,indicadores_rendimento,Taxa de Aprovação,Total,Ensino Fundamental,95.00
2700300,Arapiraca,2021,indicadores_rendimento,Taxa de Reprovação,Total,Ensino Fundamental,3.50
2700300,Arapiraca,2021,indicadores_rendimento,Taxa de Abandono,Total,Ensino Fundamental,1.50
2700300,Arapiraca,2021,indicadores_rendimento,Taxa de Aprovação,Estadual,Ensino Médio,95.00
2700300,Arapiraca,2021,indicadores_rendimento,Taxa de Reprovação,Estadual,Ensino Médio,3.50
2700300,Arapiraca,2021,indicadores_rendimento,Taxa de Abandono,Estadual,Ensino Médio,1.50
2700300,Arapiraca,2021,indicadores_rendimento,Taxa de Aprovação,Municipal,Ensino Médio,95.00
2700300,Arapiraca,2021,indicadores_rendimento,Taxa de Reprovação,Municipal,Ensino Médio,3.50
2700300,Arapiraca,2021,indicadores_rendimento,Taxa de Abandono,Municipal,Ensino Médio,1.50
2700300,Arapiraca,2021,indicadores_rendimento,Taxa de Aprovação,Federal,Ensino Médio,95.00
2700300,Arapiraca,2021,indicadores_rendimento,Taxa de Reprovação,Federal,Ensino Médio,3.50
2700300,Arapiraca,2021,indicadores_rendimento,Taxa de Abandono,Federal,Ensino Médio,1.50
2700300,Arapiraca,2021,indicadores_rendimento,Taxa de Aprovação,Privada,Ensino Médio,95.00
2700300,Arapiraca,2021,indicadores_rendimento,Taxa de Reprovação,Privada,Ensino Médio,3.50
2700300,Arapiraca,2021,indicadores_rendimento,Taxa de Abandono,Privada,Ensino Médio,1.50
2700300,Arapiraca,2021,indicadores_rendimento,Taxa de Aprovação,Pública,Ensino Médio,95.00
2700300,Arapiraca,2021,indicadores_rendimento,Taxa de Reprovação,Pública,Ensino Médio,3.50
2700300,Arapiraca,2021,indicadores_rendimento,Taxa de Abandono,Pública,Ensino Médio,1.50
2700300,Arapiraca,2021,indicadores_rendimento,Taxa de Aprovação,Total,Ensino Médio,95.00
2700300,Arapiraca,2021,indicadores_rendimento,Taxa de Reprovação,Total,Ensino Médio,3.50
2700300,Arapiraca,2021,indicadores_rendimento,Taxa de Abandono,Total,Ensino Médio,1.50
2700300,Arapiraca,2022,censo_escolar,Matrícula,Estadual,Educação Infantil,1620.0
2700300,Arapiraca,2022,censo_escolar,Escolas,Estadual,Educação Infantil,15.0
2700300,Arapiraca,2022,censo_escolar,Matrícula,Municipal,Educação Infantil,2000.0
2700300,Arapiraca,2022,censo_escolar,Escolas,Municipal,Educação Infantil,20.0
2700300,Arapiraca,2022,censo_escolar,Matrícula,Federal,Educação Infantil,0.0
2700300,Arapiraca,2022,censo_escolar,Escolas,Federal,Educação Infantil,0.0
2700300,Arapiraca,2022,censo_escolar,Matrícula,Privada,Educação Infantil,1500.0
2700300,Arapiraca,2022,censo_escolar,Escolas,Privada,Educação Infantil,15.0
2700300,Arapiraca,2022,censo_escolar,Matrícula,Pública,Educação Infantil,3620.0
2700300,Arapiraca,2022,censo_escolar,Escolas,Pública,Educação Infantil,35.0
2700300,Arapiraca,2022,censo_escolar,Matrícula,Total,Educação Infantil,5120.0
2700300,Arapiraca,2022,censo_escolar,Escolas,Total,Educação Infantil,50.0
2700300,Arapiraca,2022,censo_escolar,Matrícula,Estadual,Ensino Fundamental,1620.0
2700300,Arapiraca,2022,censo_escolar,Escolas,Estadual,Ensino Fundamental,15.0
2700300,Arapiraca,2022,censo_escolar,Matrícula,Municipal,Ensino Fundamental,2000.0
2700300,Arapiraca,2022,censo_escolar,Escolas,Municipal,Ensino Fundamental,20.0
2700300,Arapiraca,2022,censo_escolar,Matrícula,Federal,Ensino Fundamental,0.0
2700300,Arapiraca,2022,censo_escolar,Escolas,Federal,Ensino Fundamental,0.0
2700300,Arapiraca,2022,censo_escolar,Matrícula,Privada,Ensino Fundamental,1500.0
2700300,Arapiraca,2022,censo_escolar,Escolas,Privada,Ensino Fundamental,15.0
2700300,Arapiraca,2022,censo_escolar,Matrícula,Pública,Ensino Fundamental,3620.0
2700300,Arapiraca,2022,censo_escolar,Escolas,Pública,Ensino Fundamental,35.0
2700300,Arapiraca,2022,censo_escolar,Matrícula,Total,Ensino Fundamental,5120.0
2700300,Arapiraca,2022,censo_escolar,Escolas,Total,Ensino Fundamental,50.0
2700300,Arapiraca,2022,censo_escolar,Matrícula,Estadual,Ensino Médio,1620.0
2700300,Arapiraca,2022,censo_escolar,Escolas,Estadual,Ensino Médio,15.0
2700300,Arapiraca,2022,censo_escolar,Matrícula,Municipal,Ensino Médio,2000.0
2700300,Arapiraca,2022,censo_escolar,Escolas,Municipal,Ensino Médio,20.0
2700300,Arapiraca,2022,censo_escolar,Matrícula,Federal,Ensino Médio,0.0
2700300,Arapiraca,2022,censo_escolar,Escolas,Federal,Ensino Médio,0.0
2700300,Arapiraca,2022,censo_escolar,Matrícula,Privada,Ensino Médio,1500.0
2700300,Arapiraca,2022,censo_escolar,Escolas,Privada,Ensino Médio,15.0
2700300,Arapiraca,2022,censo_escolar,Matrícula,Pública,Ensino Médio,3620.0
2700300,Arapiraca,2022,censo_escolar,Escolas,Pública,Ensino Médio,35.0
2700300,Arapiraca,2022,censo_escolar,Matrícula,Total,Ensino Médio,5120.0
2700300,Arapiraca,2022,censo_escolar,Escolas,Total,Ensino Médio,50.0
2700300,Arapiraca,2022,censo_escolar,Matrícula,Estadual,Educação de Jovens e Adultos (EJA),1620.0
2700300,Arapiraca,2022,censo_escolar,Escolas,Estadual,Educação de Jovens e Adultos (EJA),15.0
2700300,Arapiraca,2022,censo_escolar,Matrícula,Municipal,Educação de Jovens e Adultos (EJA),2000.0
2700300,Arapiraca,2022,censo_escolar,Escolas,Municipal,Educação de Jovens e Adultos (EJA),20.0
2700300,Arapiraca,2022,censo_escolar,Matrícula,Federal,Educação de Jovens e Adultos (EJA),0.0
2700300,Arapiraca,2022,censo_escolar,Escolas,Federal,Educação de Jovens e Adultos (EJA),0.0
2700300,Arapiraca,2022,censo_escolar,Matrícula,Privada,Educação de Jovens e Adultos (EJA),1500.0
2700300,Arapiraca,2022,censo_escolar,Escolas,Privada,Educação de Jovens e Adultos (EJA),15.0
2700300,Arapiraca,2022,censo_escolar,Matrícula,Pública,Educação de Jovens e Adultos (EJA),3620.0
2700300,Arapiraca,2022,censo_escolar,Escolas,Pública,Educação de Jovens e Adultos (EJA),35.0
2700300,Arapiraca,2022,censo_escolar,Matrícula,Total,Educação de Jovens e Adultos (EJA),5120.0
2700300,Arapiraca,2022,censo_escolar,Escolas,Total,Educação de Jovens e Adultos (EJA),50.0
2700300,Arapiraca,2022,censo_escolar,Matrícula,Estadual,Educação Profissional,1620.0
2700300,Arapiraca,2022,censo_escolar,Escolas,Estadual,Educação Profissional,15.0
2700300,Arapiraca,2022,censo_escolar,Matrícula,Municipal,Educação Profissional,2000.0
2700300,Arapiraca,2022,censo_escolar,Escolas,Municipal,Educação Profissional,20.0
2700300,Arapiraca,2022,censo_escolar,Matrícula,Federal,Educação Profissional,0.0
2700300,Arapiraca,2022,censo_escolar,Escolas,Federal,Educação Profissional,0.0
2700300,Arapiraca,2022,censo_escolar,Matrícula,Privada,Educação Profissional,1500.0
2700300,Arapiraca,2022,censo_escolar,Escolas,Privada,Educação Profissional,15.0
2700300,Arapiraca,2022,censo_escolar,Matrícula,Pública,Educação Profissional,3620.0
2700300,Arapiraca,2022,censo_escolar,Escolas,Pública,Educação Profissional,35.0
2700300,Arapiraca,2022,censo_escolar,Matrícula,Total,Educação Profissional,5120.0
2700300,Arapiraca,2022,censo_escolar,Escolas,Total,Educação Profissional,50.0
2700300,Arapiraca,2022,indicadores_rendimento,Taxa de Aprovação,Estadual,Ensino Fundamental,95.00
2700300,Arapiraca,2022,indicadores_rendimento,Taxa de Reprovação,Estadual,Ensino Fundamental,3.50
2700300,Arapiraca,2022,indicadores_rendimento,Taxa de Abandono,Estadual,Ensino Fundamental,1.50
2700300,Arapiraca,2022,indicadores_rendimento,Taxa de Aprovação,Municipal,Ensino Fundamental,95.00
2700300,Arapiraca,2022,indicadores_rendimento,Taxa de Reprovação,Municipal,Ensino Fundamental,3.50
2700300,Arapiraca,2022,indicadores_rendimento,Taxa de Abandono,Municipal,Ensino Fundamental,1.50
2700300,Arapiraca,2022,indicadores_rendimento,Taxa de Aprovação,Federal,Ensino Fundamental,95.00
2700300,Arapiraca,2022,indicadores_rendimento,Taxa de Reprovação,Federal,Ensino Fundamental,3.50
2700300,Arapiraca,2022,indicadores_rendimento,Taxa de Abandono,Federal,Ensino Fundamental,1.50
2700300,Arapiraca,2022,indicadores_rendimento,Taxa de Aprovação,Privada,Ensino Fundamental,95.00
2700300,Arapiraca,2022,indicadores_rendimento,Taxa de Reprovação,Privada,Ensino Fundamental,3.50
2700300,Arapiraca,2022,indicadores_rendimento,Taxa de Abandono,Privada,Ensino Fundamental,1.50
2700300,Arapiraca,2022,indicadores_rendimento,Taxa de Aprovação,Pública,Ensino Fundamental,95.00
2700300,Arapiraca,2022,indicadores_rendimento,Taxa de Reprovação,Pública,Ensino Fundamental,3.50
2700300,Arapiraca,2022,indicadores_rendimento,Taxa de Abandono,Pública,Ensino Fundamental,1.50
2700300,Arapiraca,2022,indicadores_rendimento,Taxa de Aprovação,Total,Ensino Fundamental,95.00
2700300,Arapiraca,2022,indicadores_rendimento,Taxa de Reprovação,Total,Ensino Fundamental,3.50
2700300,Arapiraca,2022,indicadores_rendimento,Taxa de Abandono,Total,Ensino Fundamental,1.50
2700300,Arapiraca,2022,indicadores_rendimento,Taxa de Aprovação,Estadual,Ensino Médio,95.00
2700300,Arapiraca,2022,indicadores_rendimento,Taxa de Reprovação,Estadual,Ensino Médio,3.50
2700300,Arapiraca,2022,indicadores_rendimento,Taxa de Abandono,Estadual,Ensino Médio,1.50
2700300,Arapiraca,2022,indicadores_rendimento,Taxa de Aprovação,Municipal,Ensino Médio,95.00
2700300,Arapiraca,2022,indicadores_rendimento,Taxa de Reprovação,Municipal,Ensino Médio,3.50
2700300,Arapiraca,2022,indicadores_rendimento,Taxa de Abandono,Municipal,Ensino Médio,1.50
2700300,Arapiraca,2022,indicadores_rendimento,Taxa de Aprovação,Federal,Ensino Médio,95.00
2700300,Arapiraca,2022,indicadores_rendimento,Taxa de Reprovação,Federal,Ensino Médio,3.50
2700300,Arapiraca,2022,indicadores_rendimento,Taxa de Abandono,Federal,Ensino Médio,1.50
2700300,Arapiraca,2022,indicadores_rendimento,Taxa de Aprovação,Privada,Ensino Médio,95.00
2700300,Arapiraca,2022,indicadores_rendimento,Taxa de Reprovação,Privada,Ensino Médio,3.50
2700300,Arapiraca,2022,indicadores_rendimento,Taxa de Abandono,Privada,Ensino Médio,1.50
2700300,Arapiraca,2022,indicadores_rendimento,Taxa de Aprovação,Pública,Ensino Médio,95.00
2700300,Arapiraca,2022,indicadores_rendimento,Taxa de Reprovação,Pública,Ensino Médio,3.50
2700300,Arapiraca,2022,indicadores_rendimento,Taxa de Abandono,Pública,Ensino Médio,1.50
2700300,Arapiraca,2022,indicadores_rendimento,Taxa de Aprovação,Total,Ensino Médio,95.00
2700300,Arapiraca,2022,indicadores_rendimento,Taxa de Reprovação,Total,Ensino Médio,3.50
2700300,Arapiraca,2022,indicadores_rendimento,Taxa de Abandono,Total,Ensino Médio,1.50
2700300,Arapiraca,2022,censo_demografico,Pessoas Alfabetizadas,Não se aplica,Pessoas de 15 anos ou mais de idade,85000.0
2700300,Arapiraca,2022,censo_demografico,Pessoas Total,Não se aplica,Pessoas de 15 anos ou mais de idade,100000.0
2700300,Arapiraca,2022,censo_demografico,Taxa de Alfabetização,Não se aplica,Pessoas de 15 anos ou mais de idade,85.00
2700300,Arapiraca,2022,censo_demografico,Taxa de Analfabetismo,Não se aplica,Pessoas de 15 anos ou mais de idade,15.00
2700300,Arapiraca,2023,censo_escolar,Matrícula,Estadual,Educação Infantil,2400.0
2700300,Arapiraca,2023,censo_escolar,Escolas,Estadual,Educação Infantil,15.0
2700300,Arapiraca,2023,censo_escolar,Matrícula,Municipal,Educação Infantil,2800.0
2700300,Arapiraca,2023,censo_escolar,Escolas,Municipal,Educação Infantil,20.0
2700300,Arapiraca,2023,censo_escolar,Matrícula,Federal,Educação Infantil,0.0
2700300,Arapiraca,2023,censo_escolar,Escolas,Federal,Educação Infantil,0.0
2700300,Arapiraca,2023,censo_escolar,Matrícula,Privada,Educação Infantil,2800.0
2700300,Arapiraca,2023,censo_escolar,Escolas,Privada,Educação Infantil,15.0
2700300,Arapiraca,2023,censo_escolar,Matrícula,Pública,Educação Infantil,5200.0
2700300,Arapiraca,2023,censo_escolar,Escolas,Pública,Educação Infantil,35.0
2700300,Arapiraca,2023,censo_escolar,Escolas,Total,Educação Infantil,50.0
2700300,Arapiraca,2023,censo_escolar,Matrícula,Estadual,Ensino Fundamental,10500.0
2700300,Arapiraca,2023,censo_escolar,Escolas,Estadual,Ensino Fundamental,15.0
2700300,Arapiraca,2023,censo_escolar,Matrícula,Municipal,Ensino Fundamental,12250.0
2700300,Arapiraca,2023,censo_escolar,Escolas,Municipal,Ensino Fundamental,20.0
2700300,Arapiraca,2023,censo_escolar,Matrícula,Federal,Ensino Fundamental,0.0
2700300,Arapiraca,2023,censo_escolar,Escolas,Federal,Ensino Fundamental,0.0
2700300,Arapiraca,2023,censo_escolar,Matrícula,Privada,Ensino Fundamental,12250.0
2700300,Arapiraca,2023,censo_escolar,Escolas,Privada,Ensino Fundamental,15.0
2700300,Arapiraca,2023,censo_escolar,Matrícula,Pública,Ensino Fundamental,22750.0
2700300,Arapiraca,2023,censo_escolar,Escolas,Pública,Ensino Fundamental,35.0
2700300,Arapiraca,2023,censo_escolar,Escolas,Total,Ensino Fundamental,50.0
2700300,Arapiraca,2023,censo_escolar,Matrícula,Estadual,Ensino Médio,3300.0
2700300,Arapiraca,2023,censo_escolar,Escolas,Estadual,Ensino Médio,15.0
2700300,Arapiraca,2023,censo_escolar,Matrícula,Municipal,Ensino Médio,3850.0
2700300,Arapiraca,2023,censo_escolar,Escolas,Municipal,Ensino Médio,20.0
2700300,Arapiraca,2023,censo_escolar,Matrícula,Federal,Ensino Médio,0.0
2700300,Arapiraca,2023,censo_escolar,Escolas,Federal,Ensino Médio,0.0
2700300,Arapiraca,2023,censo_escolar,Matrícula,Privada,Ensino Médio,3850.0
2700300,Arapiraca,2023,censo_escolar,Escolas,Privada,Ensino Médio,15.0
2700300,Arapiraca,2023,censo_escolar,Matrícula,Pública,Ensino Médio,7150.0
2700300,Arapiraca,2023,censo_escolar,Escolas,Pública,Ensino Médio,35.0
2700300,Arapiraca,2023,censo_escolar,Escolas,Total,Ensino Médio,50.0
2700300,Arapiraca,2023,censo_escolar,Matrícula,Estadual,Educação de Jovens e Adultos (EJA),600.0
2700300,Arapiraca,2023,censo_escolar,Escolas,Estadual,Educação de Jovens e Adultos (EJA),15.0
2700300,Arapiraca,2023,censo_escolar,Matrícula,Municipal,Educação de Jovens e Adultos (EJA),700.0
2700300,Arapiraca,2023,censo_escolar,Escolas,Municipal,Educação de Jovens e Adultos (EJA),20.0
2700300,Arapiraca,2023,censo_escolar,Matrícula,Federal,Educação de Jovens e Adultos (EJA),0.0
2700300,Arapiraca,2023,censo_escolar,Escolas,Federal,Educação de Jovens e Adultos (EJA),0.0
2700300,Arapiraca,2023,censo_escolar,Matrícula,Privada,Educação de Jovens e Adultos (EJA),700.0
2700300,Arapiraca,2023,censo_escolar,Escolas,Privada,Educação de Jovens e Adultos (EJA),15.0
2700300,Arapiraca,2023,censo_escolar,Matrícula,Pública,Educação de Jovens e Adultos (EJA),1300.0
2700300,Arapiraca,2023,censo_escolar,Escolas,Pública,Educação de Jovens e Adultos (EJA),35.0
2700300,Arapiraca,2023,censo_escolar,Escolas,Total,Educação de Jovens e Adultos (EJA),50.0
2700300,Arapiraca,2023,censo_escolar,Matrícula,Estadual,Educação Profissional,450.0
2700300,Arapiraca,2023,censo_escolar,Escolas,Estadual,Educação Profissional,15.0
2700300,Arapiraca,2023,censo_escolar,Matrícula,Municipal,Educação Profissional,525.0
2700300,Arapiraca,2023,censo_escolar,Escolas,Municipal,Educação Profissional,20.0
2700300,Arapiraca,2023,censo_escolar,Matrícula,Federal,Educação Profissional,0.0
2700300,Arapiraca,2023,censo_escolar,Escolas,Federal,Educação Profissional,0.0
2700300,Arapiraca,2023,censo_escolar,Matrícula,Privada,Educação Profissional,525.0
2700300,Arapiraca,2023,censo_escolar,Escolas,Privada,Educação Profissional,15.0
2700300,Arapiraca,2023,censo_escolar,Matrícula,Pública,Educação Profissional,975.0
2700300,Arapiraca,2023,censo_escolar,Escolas,Pública,Educação Profissional,35.0
2700300,Arapiraca,2023,censo_escolar,Escolas,Total,Educação Profissional,50.0
2700300,Arapiraca,2023,indicadores_rendimento,Taxa de Aprovação,Estadual,Ensino Fundamental,95.00
2700300,Arapiraca,2023,indicadores_rendimento,Taxa de Reprovação,Estadual,Ensino Fundamental,3.50
2700300,Arapiraca,2023,indicadores_rendimento,Taxa de Abandono,Estadual,Ensino Fundamental,1.50
2700300,Arapiraca,2023,indicadores_rendimento,Taxa de Aprovação,Municipal,Ensino Fundamental,95.00
2700300,Arapiraca,2023,indicadores_rendimento,Taxa de Reprovação,Municipal,Ensino Fundamental,3.50
2700300,Arapiraca,2023,indicadores_rendimento,Taxa de Abandono,Municipal,Ensino Fundamental,1.50
2700300,Arapiraca,2023,indicadores_rendimento,Taxa de Aprovação,Federal,Ensino Fundamental,95.00
2700300,Arapiraca,2023,indicadores_rendimento,Taxa de Reprovação,Federal,Ensino Fundamental,3.50
2700300,Arapiraca,2023,indicadores_rendimento,Taxa de Abandono,Federal,Ensino Fundamental,1.50
2700300,Arapiraca,2023,indicadores_rendimento,Taxa de Aprovação,Privada,Ensino Fundamental,95.00
2700300,Arapiraca,2023,indicadores_rendimento,Taxa de Reprovação,Privada,Ensino Fundamental,3.50
2700300,Arapiraca,2023,indicadores_rendimento,Taxa de Abandono,Privada,Ensino Fundamental,1.50
2700300,Arapiraca,2023,indicadores_rendimento,Taxa de Aprovação,Pública,Ensino Fundamental,95.00
2700300,Arapiraca,2023,indicadores_rendimento,Taxa de Reprovação,Pública,Ensino Fundamental,3.50
2700300,Arapiraca,2023,indicadores_rendimento,Taxa de Abandono,Pública,Ensino Fundamental,1.50
2700300,Arapiraca,2023,indicadores_rendimento,Taxa de Reprovação,Total,Ensino Fundamental,2.94
2700300,Arapiraca,2023,indicadores_rendimento,Taxa de Abandono,Total,Ensino Fundamental,1.26
2700300,Arapiraca,2023,indicadores_rendimento,Taxa de Aprovação,Estadual,Ensino Médio,95.00
2700300,Arapiraca,2023,indicadores_rendimento,Taxa de Reprovação,Estadual,Ensino Médio,3.50
2700300,Arapiraca,2023,indicadores_rendimento,Taxa de Abandono,Estadual,Ensino Médio,1.50
2700300,Arapiraca,2023,indicadores_rendimento,Taxa de Aprovação,Municipal,Ensino Médio,95.00
2700300,Arapiraca,2023,indicadores_rendimento,Taxa de Reprovação,Municipal,Ensino Médio,3.50
2700300,Arapiraca,2023,indicadores_rendimento,Taxa de Abandono,Municipal,Ensino Médio,1.50
2700300,Arapiraca,2023,indicadores_rendimento,Taxa de Aprovação,Federal,Ensino Médio,95.00
2700300,Arapiraca,2023,indicadores_rendimento,Taxa de Reprovação,Federal,Ensino Médio,3.50
2700300,Arapiraca,2023,indicadores_rendimento,Taxa de Abandono,Federal,Ensino Médio,1.50
2700300,Arapiraca,2023,indicadores_rendimento,Taxa de Aprovação,Privada,Ensino Médio,95.00
2700300,Arapiraca,2023,indicadores_rendimento,Taxa de Reprovação,Privada,Ensino Médio,3.50
2700300,Arapiraca,2023,indicadores_rendimento,Taxa de Abandono,Privada,Ensino Médio,1.50
2700300,Arapiraca,2023,indicadores_rendimento,Taxa de Aprovação,Pública,Ensino Médio,95.00
2700300,Arapiraca,2023,indicadores_rendimento,Taxa de Reprovação,Pública,Ensino Médio,3.50
2700300,Arapiraca,2023,indicadores_rendimento,Taxa de Abandono,Pública,Ensino Médio,1.50
2700300,Arapiraca,2023,indicadores_rendimento,Taxa de Aprovação,Total,Ensino Médio,95.00
2700300,Arapiraca,2023,indicadores_rendimento,Taxa de Reprovação,Total,Ensino Médio,3.50
2700300,Arapiraca,2023,indicadores_rendimento,Taxa de Abandono,Total,Ensino Médio,1.50
2706307,Palmeira dos Índios,2010,censo_escolar,Matrícula,Estadual,Educação Infantil,1500.0
2706307,Palmeira dos Índios,2010,censo_escolar,Escolas,Estadual,Educação Infantil,15.0
2706307,Palmeira dos Índios,2010,censo_escolar,Matrícula,Municipal,Educação Infantil,2000.0
2706307,Palmeira dos Índios,2010,censo_escolar,Escolas,Municipal,Educação Infantil,20.0
2706307,Palmeira dos Índios,2010,censo_escolar,Matrícula,Federal,Educação Infantil,0.0
2706307,Palmeira dos Índios,2010,censo_escolar,Escolas,Federal,Educação Infantil,0.0
2706307,Palmeira dos Índios,2010,censo_escolar,Matrícula,Privada,Educação Infantil,1500.0
2706307,Palmeira dos Índios,2010,censo_escolar,Escolas,Privada,Educação Infantil,15.0
2706307,Palmeira dos Índios,2010,censo_escolar,Matrícula,Pública,Educação Infantil,3500.0
2706307,Palmeira dos Índios,2010,censo_escolar,Escolas,Pública,Educação Infantil,35.0
2706307,Palmeira dos Índios,2010,censo_escolar,Matrícula,Total,Educação Infantil,5000.0
2706307,Palmeira dos Índios,2010,censo_escolar,Escolas,Total,Educação Infantil,50.0
2706307,Palmeira dos Índios,2010,censo_escolar,Matrícula,Estadual,Ensino Fundamental,1500.0
2706307,Palmeira dos Índios,2010,censo_escolar,Escolas,Estadual,Ensino Fundamental,15.0
2706307,Palmeira dos Índios,2010,censo_escolar,Matrícula,Municipal,Ensino Fundamental,2000.0
2706307,Palmeira dos Índios,2010,censo_escolar,Escolas,Municipal,Ensino Fundamental,20.0
2706307,Palmeira dos Índios,2010,censo_escolar,Matrícula,Federal,Ensino Fundamental,0.0
2706307,Palmeira dos Índios,2010,censo_escolar,Escolas,Federal,Ensino Fundamental,0.0
2706307,Palmeira dos Índios,2010,censo_escolar,Matrícula,Privada,Ensino Fundamental,1500.0
2706307,Palmeira dos Índios,2010,censo_escolar,Escolas,Privada,Ensino Fundamental,15.0
2706307,Palmeira dos Índios,2010,censo_escolar,Matrícula,Pública,Ensino Fundamental,3500.0
2706307,Palmeira dos Índios,2010,censo_escolar,Escolas,Pública,Ensino Fundamental,35.0
2706307,Palmeira dos Índios,2010,censo_escolar,Matrícula,Total,Ensino Fundamental,5000.0
2706307,Palmeira dos Índios,2010,censo_escolar,Escolas,Total,Ensino Fundamental,50.0
2706307,Palmeira dos Índios,2010,censo_escolar,Matrícula,Estadual,Ensino Médio,1500.0
2706307,Palmeira dos Índios,2010,censo_escolar,Escolas,Estadual,Ensino Médio,15.0
2706307,Palmeira dos Índios,2010,censo_escolar,Matrícula,Municipal,Ensino Médio,2000.0
2706307,Palmeira dos Índios,2010,censo_escolar,Escolas,Municipal,Ensino Médio,20.0
2706307,Palmeira dos Índios,2010,censo_escolar,Matrícula,Federal,Ensino Médio,0.0
2706307,Palmeira dos Índios,2010,censo_escolar,Escolas,Federal,Ensino Médio,0.0
2706307,Palmeira dos Índios,2010,censo_escolar,Matrícula,Privada,Ensino Médio,1500.0
2706307,Palmeira dos Índios,2010,censo_escolar,Escolas,Privada,Ensino Médio,15.0
2706307,Palmeira dos Índios,2010,censo_escolar,Matrícula,Pública,Ensino Médio,3500.0
2706307,Palmeira dos Índios,2010,censo_escolar,Escolas,Pública,Ensino Médio,35.0
2706307,Palmeira dos Índios,2010,censo_escolar,Matrícula,Total,Ensino Médio,5000.0
2706307,Palmeira dos Índios,2010,censo_escolar,Escolas,Total,Ensino Médio,50.0
2706307,Palmeira dos Índios,2010,censo_escolar,Matrícula,Estadual,Educação de Jovens e Adultos (EJA),1500.0
2706307,Palmeira dos Índios,2010,censo_escolar,Escolas,Estadual,Educação de Jovens e Adultos (EJA),15.0
2706307,Palmeira dos Índios,2010,censo_escolar,Matrícula,Municipal,Educação de Jovens e Adultos (EJA),2000.0
2706307,Palmeira dos Índios,2010,censo_escolar,Escolas,Municipal,Educação de Jovens e Adultos (EJA),20.0
2706307,Palmeira dos Índios,2010,censo_escolar,Matrícula,Federal,Educação de Jovens e Adultos (EJA),0.0
2706307,Palmeira dos Índios,2010,censo_escolar,Escolas,Federal,Educação de Jovens e Adultos (EJA),0.0
2706307,Palmeira dos Índios,2010,censo_escolar,Matrícula,Privada,Educação de Jovens e Adultos (EJA),1500.0
2706307,Palmeira dos Índios,2010,censo_escolar,Escolas,Privada,Educação de Jovens e Adultos (EJA),15.0
2706307,Palmeira dos Índios,2010,censo_escolar,Matrícula,Pública,Educação de Jovens e Adultos (EJA),3500.0
2706307,Palmeira dos Índios,2010,censo_escolar,Escolas,Pública,Educação de Jovens e Adultos (EJA),35.0
2706307,Palmeira dos Índios,2010,censo_escolar,Matrícula,Total,Educação de Jovens e Adultos (EJA),5000.0
2706307,Palmeira dos Índios,2010,censo_escolar,Escolas,Total,Educação de Jovens e Adultos (EJA),50.0
2706307,Palmeira dos Índios,2010,censo_escolar,Matrícula,Estadual,Educação Profissional,1500.0
2706307,Palmeira dos Índios,2010,censo_escolar,Escolas,Estadual,Educação Profissional,15.0
2706307,Palmeira dos Índios,2010,censo_escolar,Matrícula,Municipal,Educação Profissional,2000.0
2706307,Palmeira dos Índios,2010,censo_escolar,Escolas,Municipal,Educação Profissional,20.0
2706307,Palmeira dos Índios,2010,censo_escolar,Matrícula,Federal,Educação Profissional,0.0
2706307,Palmeira dos Índios,2010,censo_escolar,Escolas,Federal,Educação Profissional,0.0
2706307,Palmeira dos Índios,2010,censo_escolar,Matrícula,Privada,Educação Profissional,1500.0
2706307,Palmeira dos Índios,2010,censo_escolar,Escolas,Privada,Educação Profissional,15.0
2706307,Palmeira dos Índios,2010,censo_escolar,Matrícula,Pública,Educação Profissional,3500.0
2706307,Palmeira dos Índios,2010,censo_escolar,Escolas,Pública,Educação Profissional,35.0
2706307,Palmeira dos Índios,2010,censo_escolar,Matrícula,Total,Educação Profissional,5000.0
2706307,Palmeira dos Índios,2010,censo_escolar,Escolas,Total,Educação Profissional,50.0
2706307,Palmeira dos Índios,2010,indicadores_rendimento,Taxa de Aprovação,Estadual,Ensino Fundamental,95.00
2706307,Palmeira dos Índios,2010,indicadores_rendimento,Taxa de Reprovação,Estadual,Ensino Fundamental,3.50
2706307,Palmeira dos Índios,2010,indicadores_rendimento,Taxa de Abandono,Estadual,Ensino Fundamental,1.50
2706307,Palmeira dos Índios,2010,indicadores_rendimento,Taxa de Aprovação,Municipal,Ensino Fundamental,95.00
2706307,Palmeira dos Índios,2010,indicadores_rendimento,Taxa de Reprovação,Municipal,Ensino Fundamental,3.50
2706307,Palmeira dos Índios,2010,indicadores_rendimento,Taxa de Abandono,Municipal,Ensino Fundamental,1.50
2706307,Palmeira dos Índios,2010,indicadores_rendimento,Taxa de Aprovação,Federal,Ensino Fundamental,95.00
2706307,Palmeira dos Índios,2010,indicadores_rendimento,Taxa de Reprovação,Federal,Ensino Fundamental,3.50
2706307,Palmeira dos Índios,2010,indicadores_rendimento,Taxa de Abandono,Federal,Ensino Fundamental,1.50
2706307,Palmeira dos Índios,2010,indicadores_rendimento,Taxa de Aprovação,Privada,Ensino Fundamental,95.00
2706307,Palmeira dos Índios,2010,indicadores_rendimento,Taxa de Reprovação,Privada,Ensino Fundamental,3.50
2706307,Palmeira dos Índios,2010,indicadores_rendimento,Taxa de Abandono,Privada,Ensino Fundamental,1.50
2706307,Palmeira dos Índios,2010,indicadores_rendimento,Taxa de Aprovação,Pública,Ensino Fundamental,95.00
2706307,Palmeira dos Índios,2010,indicadores_rendimento,Taxa de Reprovação,Pública,Ensino Fundamental,3.50
2706307,Palmeira dos Índios,2010,indicadores_rendimento,Taxa de Abandono,Pública,Ensino Fundamental,1.50
2706307,Palmeira dos Índios,2010,indicadores_rendimento,Taxa de Aprovação,Total,Ensino Fundamental,95.00
2706307,Palmeira dos Índios,2010,indicadores_rendimento,Taxa de Reprovação,Total,Ensino Fundamental,3.50
2706307,Palmeira dos Índios,2010,indicadores_rendimento,Taxa de Abandono,Total,Ensino Fundamental,1.50
2706307,Palmeira dos Índios,2010,indicadores_rendimento,Taxa de Aprovação,Estadual,Ensino Médio,95.00
2706307,Palmeira dos Índios,2010,indicadores_rendimento,Taxa de Reprovação,Estadual,Ensino Médio,3.50
2706307,Palmeira dos Índios,2010,indicadores_rendimento,Taxa de Abandono,Estadual,Ensino Médio,1.50
2706307,Palmeira dos Índios,2010,indicadores_rendimento,Taxa de Aprovação,Municipal,Ensino Médio,95.00
2706307,Palmeira dos Índios,2010,indicadores_rendimento,Taxa de Reprovação,Municipal,Ensino Médio,3.50
2706307,Palmeira dos Índios,2010,indicadores_rendimento,Taxa de Abandono,Municipal,Ensino Médio,1.50
2706307,Palmeira dos Índios,2010,indicadores_rendimento,Taxa de Aprovação,Federal,Ensino Médio,95.00
2706307,Palmeira dos Índios,2010,indicadores_rendimento,Taxa de Reprovação,Federal,Ensino Médio,3.50
2706307,Palmeira dos Índios,2010,indicadores_rendimento,Taxa de Abandono,Federal,Ensino Médio,1.50
2706307,Palmeira dos Índios,2010,indicadores_rendimento,Taxa de Aprovação,Privada,Ensino Médio,95.00
2706307,Palmeira dos Índios,2010,indicadores_rendimento,Taxa de Reprovação,Privada,Ensino Médio,3.50
2706307,Palmeira dos Índios,2010,indicadores_rendimento,Taxa de Abandono,Privada,Ensino Médio,1.50
2706307,Palmeira dos Índios,2010,indicadores_rendimento,Taxa de Aprovação,Pública,Ensino Médio,95.00
2706307,Palmeira dos Índios,2010,indicadores_rendimento,Taxa de Reprovação,Pública,Ensino Médio,3.50
2706307,Palmeira dos Índios,2010,indicadores_rendimento,Taxa de Abandono,Pública,Ensino Médio,1.50
2706307,Palmeira dos Índios,2010,indicadores_rendimento,Taxa de Aprovação,Total,Ensino Médio,95.00
2706307,Palmeira dos Índios,2010,indicadores_rendimento,Taxa de Reprovação,Total,Ensino Médio,3.50
2706307,Palmeira dos Índios,2010,indicadores_rendimento,Taxa de Abandono,Total,Ensino Médio,1.50
2706307,Palmeira dos Índios,2010,censo_demografico,Pessoas Alfabetizadas,Não se aplica,Pessoas de 15 anos ou mais de idade,85000.0
2706307,Palmeira dos Índios,2010,censo_demografico,Pessoas Total,Não se aplica,Pessoas de 15 anos ou mais de idade,100000.0
2706307,Palmeira dos Índios,2010,censo_demografico,Taxa de Alfabetização,Não se aplica,Pessoas de 15 anos ou mais de idade,80.00
2706307,Palmeira dos Índios,2010,censo_demografico,Taxa de Analfabetismo,Não se aplica,Pessoas de 15 anos ou mais de idade,20.00
2706307,Palmeira dos Índios,2019,censo_escolar,Matrícula,Estadual,Educação Infantil,1590.0
2706307,Palmeira dos Índios,2019,censo_escolar,Escolas,Estadual,Educação Infantil,15.0
2706307,Palmeira dos Índios,2019,censo_escolar,Matrícula,Municipal,Educação Infantil,2000.0
2706307,Palmeira dos Índios,2019,censo_escolar,Escolas,Municipal,Educação Infantil,20.0
2706307,Palmeira dos Índios,2019,censo_escolar,Matrícula,Federal,Educação Infantil,0.0
2706307,Palmeira dos Índios,2019,censo_escolar,Escolas,Federal,Educação Infantil,0.0
2706307,Palmeira dos Índios,2019,censo_escolar,Matrícula,Privada,Educação Infantil,1500.0
2706307,Palmeira dos Índios,2019,censo_escolar,Escolas,Privada,Educação Infantil,15.0
2706307,Palmeira dos Índios,2019,censo_escolar,Matrícula,Pública,Educação Infantil,3590.0
2706307,Palmeira dos Índios,2019,censo_escolar,Escolas,Pública,Educação Infantil,35.0
2706307,Palmeira dos Índios,2019,censo_escolar,Matrícula,Total,Educação Infantil,5090.0
2706307,Palmeira dos Índios,2019,censo_escolar,Escolas,Total,Educação Infantil,50.0
2706307,Palmeira dos Índios,2019,censo_escolar,Matrícula,Estadual,Ensino Fundamental,1590.0
2706307,Palmeira dos Índios,2019,censo_escolar,Escolas,Estadual,Ensino Fundamental,15.0
2706307,Palmeira dos Índios,2019,censo_escolar,Matrícula,Municipal,Ensino Fundamental,2000.0
2706307,Palmeira dos Índios,2019,censo_escolar,Escolas,Municipal,Ensino Fundamental,20.0
2706307,Palmeira dos Índios,2019,censo_escolar,Matrícula,Federal,Ensino Fundamental,0.0
2706307,Palmeira dos Índios,2019,censo_escolar,Escolas,Federal,Ensino Fundamental,0.0
2706307,Palmeira dos Índios,2019,censo_escolar,Matrícula,Privada,Ensino Fundamental,1500.0
2706307,Palmeira dos Índios,2019,censo_escolar,Escolas,Privada,Ensino Fundamental,15.0
2706307,Palmeira dos Índios,2019,censo_escolar,Matrícula,Pública,Ensino Fundamental,3590.0
2706307,Palmeira dos Índios,2019,censo_escolar,Escolas,Pública,Ensino Fundamental,35.0
2706307,Palmeira dos Índios,2019,censo_escolar,Matrícula,Total,Ensino Fundamental,5090.0
2706307,Palmeira dos Índios,2019,censo_escolar,Escolas,Total,Ensino Fundamental,50.0
2706307,Palmeira dos Índios,2019,censo_escolar,Matrícula,Estadual,Ensino Médio,1590.0
2706307,Palmeira dos Índios,2019,censo_escolar,Escolas,Estadual,Ensino Médio,15.0
2706307,Palmeira dos Índios,2019,censo_escolar,Matrícula,Municipal,Ensino Médio,2000.0
2706307,Palmeira dos Índios,2019,censo_escolar,Escolas,Municipal,Ensino Médio,20.0
2706307,Palmeira dos Índios,2019,censo_escolar,Matrícula,Federal,Ensino Médio,0.0
2706307,Palmeira dos Índios,2019,censo_escolar,Escolas,Federal,Ensino Médio,0.0
2706307,Palmeira dos Índios,2019,censo_escolar,Matrícula,Privada,Ensino Médio,1500.0
2706307,Palmeira dos Índios,2019,censo_escolar,Escolas,Privada,Ensino Médio,15.0
2706307,Palmeira dos Índios,2019,censo_escolar,Matrícula,Pública,Ensino Médio,3590.0
2706307,Palmeira dos Índios,2019,censo_escolar,Escolas,Pública,Ensino Médio,35.0
2706307,Palmeira dos Índios,2019,censo_escolar,Matrícula,Total,Ensino Médio,5090.0
2706307,Palmeira dos Índios,2019,censo_escolar,Escolas,Total,Ensino Médio,50.0
2706307,Palmeira dos Índios,2019,censo_escolar,Matrícula,Estadual,Educação de Jovens e Adultos (EJA),1590.0
2706307,Palmeira dos Índios,2019,censo_escolar,Escolas,Estadual,Educação de Jovens e Adultos (EJA),15.0
2706307,Palmeira dos Índios,2019,censo_escolar,Matrícula,Municipal,Educação de Jovens e Adultos (EJA),2000.0
2706307,Palmeira dos Índios,2019,censo_escolar,Escolas,Municipal,Educação de Jovens e Adultos (EJA),20.0
2706307,Palmeira dos Índios,2019,censo_escolar,Matrícula,Federal,Educação de Jovens e Adultos (EJA),0.0
2706307,Palmeira dos Índios,2019,censo_escolar,Escolas,Federal,Educação de Jovens e Adultos (EJA),0.0
2706307,Palmeira dos Índios,2019,censo_escolar,Matrícula,Privada,Educação de Jovens e Adultos (EJA),1500.0
2706307,Palmeira dos Índios,2019,censo_escolar,Escolas,Privada,Educação de Jovens e Adultos (EJA),15.0
2706307,Palmeira dos Índios,2019,censo_escolar,Matrícula,Pública,Educação de Jovens e Adultos (EJA),3590.0
2706307,Palmeira dos Índios,2019,censo_escolar,Escolas,Pública,Educação de Jovens e Adultos (EJA),35.0
2706307,Palmeira dos Índios,2019,censo_escolar,Matrícula,Total,Educação de Jovens e Adultos (EJA),5090.0
2706307,Palmeira dos Índios,2019,censo_escolar,Escolas,Total,Educação de Jovens e Adultos (EJA),50.0
2706307,Palmeira dos Índios,2019,censo_escolar,Matrícula,Estadual,Educação Profissional,1590.0
2706307,Palmeira dos Índios,2019,censo_escolar,Escolas,Estadual,Educação Profissional,15.0
2706307,Palmeira dos Índios,2019,censo_escolar,Matrícula,Municipal,Educação Profissional,2000.0
2706307,Palmeira dos Índios,2019,censo_escolar,Escolas,Municipal,Educação Profissional,20.0
2706307,Palmeira dos Índios,2019,censo_escolar,Matrícula,Federal,Educação Profissional,0.0
2706307,Palmeira dos Índios,2019,censo_escolar,Escolas,Federal,Educação Profissional,0.0
2706307,Palmeira dos Índios,2019,censo_escolar,Matrícula,Privada,Educação Profissional,1500.0
2706307,Palmeira dos Índios,2019,censo_escolar,Escolas,Privada,Educação Profissional,15.0
2706307,Palmeira dos Índios,2019,censo_escolar,Matrícula,Pública,Educação Profissional,3590.0
2706307,Palmeira dos Índios,2019,censo_escolar,Escolas,Pública,Educação Profissional,35.0
2706307,Palmeira dos Índios,2019,censo_escolar,Matrícula,Total,Educação Profissional,5090.0
2706307,Palmeira dos Índios,2019,censo_escolar,Escolas,Total,Educação Profissional,50.0
2706307,Palmeira dos Índios,2019,indicadores_rendimento,Taxa de Aprovação,Estadual,Ensino Fundamental,95.00
2706307,Palmeira dos Índios,2019,indicadores_rendimento,Taxa de Reprovação,Estadual,Ensino Fundamental,3.50
2706307,Palmeira dos Índios,2019,indicadores_rendimento,Taxa de Abandono,Estadual,Ensino Fundamental,1.50
2706307,Palmeira dos Índios,2019,indicadores_rendimento,Taxa de Aprovação,Municipal,Ensino Fundamental,95.00
2706307,Palmeira dos Índios,2019,indicadores_rendimento,Taxa de Reprovação,Municipal,Ensino Fundamental,3.50
2706307,Palmeira dos Índios,2019,indicadores_rendimento,Taxa de Abandono,Municipal,Ensino Fundamental,1.50
2706307,Palmeira dos Índios,2019,indicadores_rendimento,Taxa de Aprovação,Federal,Ensino Fundamental,95.00
2706307,Palmeira dos Índios,2019,indicadores_rendimento,Taxa de Reprovação,Federal,Ensino Fundamental,3.50
2706307,Palmeira dos Índios,2019,indicadores_rendimento,Taxa de Abandono,Federal,Ensino Fundamental,1.50
2706307,Palmeira dos Índios,2019,indicadores_rendimento,Taxa de Aprovação,Privada,Ensino Fundamental,95.00
2706307,Palmeira dos Índios,2019,indicadores_rendimento,Taxa de Reprovação,Privada,Ensino Fundamental,3.50
2706307,Palmeira dos Índios,2019,indicadores_rendimento,Taxa de Abandono,Privada,Ensino Fundamental,1.50
2706307,Palmeira dos Índios,2019,indicadores_rendimento,Taxa de Aprovação,Pública,Ensino Fundamental,95.00
2706307,Palmeira dos Índios,2019,indicadores_rendimento,Taxa de Reprovação,Pública,Ensino Fundamental,3.50
2706307,Palmeira dos Índios,2019,indicadores_rendimento,Taxa de Abandono,Pública,Ensino Fundamental,1.50
2706307,Palmeira dos Índios,2019,indicadores_rendimento,Taxa de Aprovação,Total,Ensino Fundamental,95.00
2706307,Palmeira dos Índios,2019,indicadores_rendimento,Taxa de Reprovação,Total,Ensino Fundamental,3.50
2706307,Palmeira dos Índios,2019,indicadores_rendimento,Taxa de Abandono,Total,Ensino Fundamental,1.50
2706307,Palmeira dos Índios,2019,indicadores_rendimento,Taxa de Aprovação,Estadual,Ensino Médio,95.00
2706307,Palmeira dos Índios,2019,indicadores_rendimento,Taxa de Reprovação,Estadual,Ensino Médio,3.50
2706307,Palmeira dos Índios,2019,indicadores_rendimento,Taxa de Abandono,Estadual,Ensino Médio,1.50
2706307,Palmeira dos Índios,2019,indicadores_rendimento,Taxa de Aprovação,Municipal,Ensino Médio,95.00
2706307,Palmeira dos Índios,2019,indicadores_rendimento,Taxa de Reprovação,Municipal,Ensino Médio,3.50
2706307,Palmeira dos Índios,2019,indicadores_rendimento,Taxa de Abandono,Municipal,Ensino Médio,1.50
2706307,Palmeira dos Índios,2019,indicadores_rendimento,Taxa de Aprovação,Federal,Ensino Médio,95.00
2706307,Palmeira dos Índios,2019,indicadores_rendimento,Taxa de Reprovação,Federal,Ensino Médio,3.50
2706307,Palmeira dos Índios,2019,indicadores_rendimento,Taxa de Abandono,Federal,Ensino Médio,1.50
2706307,Palmeira dos Índios,2019,indicadores_rendimento,Taxa de Aprovação,Privada,Ensino Médio,95.00
2706307,Palmeira dos Índios,2019,indicadores_rendimento,Taxa de Reprovação,Privada,Ensino Médio,3.50
2706307,Palmeira dos Índios,2019,indicadores_rendimento,Taxa de Abandono,Privada,Ensino Médio,1.50
2706307,Palmeira dos Índios,2019,indicadores_rendimento,Taxa de Aprovação,Pública,Ensino Médio,95.00
2706307,Palmeira dos Índios,2019,indicadores_rendimento,Taxa de Reprovação,Pública,Ensino Médio,3.50
2706307,Palmeira dos Índios,2019,indicadores_rendimento,Taxa de Abandono,Pública,Ensino Médio,1.50
2706307,Palmeira dos Índios,2019,indicadores_rendimento,Taxa de Aprovação,Total,Ensino Médio,95.00
2706307,Palmeira dos Índios,2019,indicadores_rendimento,Taxa de Reprovação,Total,Ensino Médio,3.50
2706307,Palmeira dos Índios,2019,indicadores_rendimento,Taxa de Abandono,Total,Ensino Médio,1.50
2706307,Palmeira dos Índios,2021,censo_escolar,Matrícula,Estadual,Educação Infantil,1610.0
2706307,Palmeira dos Índios,2021,censo_escolar,Escolas,Estadual,Educação Infantil,15.0
2706307,Palmeira dos Índios,2021,censo_escolar,Matrícula,Municipal,Educação Infantil,2000.0
2706307,Palmeira dos Índios,2021,censo_escolar,Escolas,Municipal,Educação Infantil,20.0
2706307,Palmeira dos Índios,2021,censo_escolar,Matrícula,Federal,Educação Infantil,0.0
2706307,Palmeira dos Índios,2021,censo_escolar,Escolas,Federal,Educação Infantil,0.0
2706307,Palmeira dos Índios,2021,censo_escolar,Matrícula,Privada,Educação Infantil,1500.0
2706307,Palmeira dos Índios,2021,censo_escolar,Escolas,Privada,Educação Infantil,15.0
2706307,Palmeira dos Índios,2021,censo_escolar,Matrícula,Pública,Educação Infantil,3610.0
2706307,Palmeira dos Índios,2021,censo_escolar,Escolas,Pública,Educação Infantil,35.0
2706307,Palmeira dos Índios,2021,censo_escolar,Matrícula,Total,Educação Infantil,5110.0
2706307,Palmeira dos Índios,2021,censo_escolar,Escolas,Total,Educação Infantil,50.0
2706307,Palmeira dos Índios,2021,censo_escolar,Matrícula,Estadual,Ensino Fundamental,1610.0
2706307,Palmeira dos Índios,2021,censo_escolar,Escolas,Estadual,Ensino Fundamental,15.0
2706307,Palmeira dos Índios,2021,censo_escolar,Matrícula,Municipal,Ensino Fundamental,2000.0
2706307,Palmeira dos Índios,2021,censo_escolar,Escolas,Municipal,Ensino Fundamental,20.0
2706307,Palmeira dos Índios,2021,censo_escolar,Matrícula,Federal,Ensino Fundamental,0.0
2706307,Palmeira dos Índios,2021,censo_escolar,Escolas,Federal,Ensino Fundamental,0.0
2706307,Palmeira dos Índios,2021,censo_escolar,Matrícula,Privada,Ensino Fundamental,1500.0
2706307,Palmeira dos Índios,2021,censo_escolar,Escolas,Privada,Ensino Fundamental,15.0
2706307,Palmeira dos Índios,2021,censo_escolar,Matrícula,Pública,Ensino Fundamental,3610.0
2706307,Palmeira dos Índios,2021,censo_escolar,Escolas,Pública,Ensino Fundamental,35.0
2706307,Palmeira dos Índios,2021,censo_escolar,Matrícula,Total,Ensino Fundamental,5110.0
2706307,Palmeira dos Índios,2021,censo_escolar,Escolas,Total,Ensino Fundamental,50.0
2706307,Palmeira dos Índios,2021,censo_escolar,Matrícula,Estadual,Ensino Médio,1610.0
2706307,Palmeira dos Índios,2021,censo_escolar,Escolas,Estadual,Ensino Médio,15.0
2706307,Palmeira dos Índios,2021,censo_escolar,Matrícula,Municipal,Ensino Médio,2000.0
2706307,Palmeira dos Índios,2021,censo_escolar,Escolas,Municipal,Ensino Médio,20.0
2706307,Palmeira dos Índios,2021,censo_escolar,Matrícula,Federal,Ensino Médio,0.0
2706307,Palmeira dos Índios,2021,censo_escolar,Escolas,Federal,Ensino Médio,0.0
2706307,Palmeira dos Índios,2021,censo_escolar,Matrícula,Privada,Ensino Médio,1500.0
2706307,Palmeira dos Índios,2021,censo_escolar,Escolas,Privada,Ensino Médio,15.0
2706307,Palmeira dos Índios,2021,censo_escolar,Matrícula,Pública,Ensino Médio,3610.0
2706307,Palmeira dos Índios,2021,censo_escolar,Escolas,Pública,Ensino Médio,35.0
2706307,Palmeira dos Índios,2021,censo_escolar,Matrícula,Total,Ensino Médio,5110.0
2706307,Palmeira dos Índios,2021,censo_escolar,Escolas,Total,Ensino Médio,50.0
2706307,Palmeira dos Índios,2021,censo_escolar,Matrícula,Estadual,Educação de Jovens e Adultos (EJA),1610.0
2706307,Palmeira dos Índios,2021,censo_escolar,Escolas,Estadual,Educação de Jovens e Adultos (EJA),15.0
2706307,Palmeira dos Índios,2021,censo_escolar,Matrícula,Municipal,Educação de Jovens e Adultos (EJA),2000.0
2706307,Palmeira dos Índios,2021,censo_escolar,Escolas,Municipal,Educação de Jovens e Adultos (EJA),20.0
2706307,Palmeira dos Índios,2021,censo_escolar,Matrícula,Federal,Educação de Jovens e Adultos (EJA),0.0
2706307,Palmeira dos Índios,2021,censo_escolar,Escolas,Federal,Educação de Jovens e Adultos (EJA),0.0
2706307,Palmeira dos Índios,2021,censo_escolar,Matrícula,Privada,Educação de Jovens e Adultos (EJA),1500.0
2706307,Palmeira dos Índios,2021,censo_escolar,Escolas,Privada,Educação de Jovens e Adultos (EJA),15.0
2706307,Palmeira dos Índios,2021,censo_escolar,Matrícula,Pública,Educação de Jovens e Adultos (EJA),3610.0
2706307,Palmeira dos Índios,2021,censo_escolar,Escolas,Pública,Educação de Jovens e Adultos (EJA),35.0
2706307,Palmeira dos Índios,2021,censo_escolar,Matrícula,Total,Educação de Jovens e Adultos (EJA),5110.0
2706307,Palmeira dos Índios,2021,censo_escolar,Escolas,Total,Educação de Jovens e Adultos (EJA),50.0
2706307,Palmeira dos Índios,2021,censo_escolar,Matrícula,Estadual,Educação Profissional,1610.0
2706307,Palmeira dos Índios,2021,censo_escolar,Escolas,Estadual,Educação Profissional,15.0
2706307,Palmeira dos Índios,2021,censo_escolar,Matrícula,Municipal,Educação Profissional,2000.0
2706307,Palmeira dos Índios,2021,censo_escolar,Escolas,Municipal,Educação Profissional,20.0
2706307,Palmeira dos Índios,2021,censo_escolar,Matrícula,Federal,Educação Profissional,0.0
2706307,Palmeira dos Índios,2021,censo_escolar,Escolas,Federal,Educação Profissional,0.0
2706307,Palmeira dos Índios,2021,censo_escolar,Matrícula,Privada,Educação Profissional,1500.0
2706307,Palmeira dos Índios,2021,censo_escolar,Escolas,Privada,Educação Profissional,15.0
2706307,Palmeira dos Índios,2021,censo_escolar,Matrícula,Pública,Educação Profissional,3610.0
2706307,Palmeira dos Índios,2021,censo_escolar,Escolas,Pública,Educação Profissional,35.0
2706307,Palmeira dos Índios,2021,censo_escolar,Matrícula,Total,Educação Profissional,5110.0
2706307,Palmeira dos Índios,2021,censo_escolar,Escolas,Total,Educação Profissional,50.0
2706307,Palmeira dos Índios,2021,indicadores_rendimento,Taxa de Aprovação,Estadual,Ensino Fundamental,95.00
2706307,Palmeira dos Índios,2021,indicadores_rendimento,Taxa de Reprovação,Estadual,Ensino Fundamental,3.50
2706307,Palmeira dos Índios,2021,indicadores_rendimento,Taxa de Abandono,Estadual,Ensino Fundamental,1.50
2706307,Palmeira dos Índios,2021,indicadores_rendimento,Taxa de Aprovação,Municipal,Ensino Fundamental,95.00
2706307,Palmeira dos Índios,2021,indicadores_rendimento,Taxa de Reprovação,Municipal,Ensino Fundamental,3.50
2706307,Palmeira dos Índios,2021,indicadores_rendimento,Taxa de Abandono,Municipal,Ensino Fundamental,1.50
2706307,Palmeira dos Índios,2021,indicadores_rendimento,Taxa de Aprovação,Federal,Ensino Fundamental,95.00
2706307,Palmeira dos Índios,2021,indicadores_rendimento,Taxa de Reprovação,Federal,Ensino Fundamental,3.50
2706307,Palmeira dos Índios,2021,indicadores_rendimento,Taxa de Abandono,Federal,Ensino Fundamental,1.50
2706307,Palmeira dos Índios,2021,indicadores_rendimento,Taxa de Aprovação,Privada,Ensino Fundamental,95.00
2706307,Palmeira dos Índios,2021,indicadores_rendimento,Taxa de Reprovação,Privada,Ensino Fundamental,3.50
2706307,Palmeira dos Índios,2021,indicadores_rendimento,Taxa de Abandono,Privada,Ensino Fundamental,1.50
2706307,Palmeira dos Índios,2021,indicadores_rendimento,Taxa de Aprovação,Pública,Ensino Fundamental,95.00
2706307,Palmeira dos Índios,2021,indicadores_rendimento,Taxa de Reprovação,Pública,Ensino Fundamental,3.50
2706307,Palmeira dos Índios,2021,indicadores_rendimento,Taxa de Abandono,Pública,Ensino Fundamental,1.50
2706307,Palmeira dos Índios,2021,indicadores_rendimento,Taxa de Aprovação,Total,Ensino Fundamental,95.00
2706307,Palmeira dos Índios,2021,indicadores_rendimento,Taxa de Reprovação,Total,Ensino Fundamental,3.50
2706307,Palmeira dos Índios,2021,indicadores_rendimento,Taxa de Abandono,Total,Ensino Fundamental,1.50
2706307,Palmeira dos Índios,2021,indicadores_rendimento,Taxa de Aprovação,Estadual,Ensino Médio,95.00
2706307,Palmeira dos Índios,2021,indicadores_rendimento,Taxa de Reprovação,Estadual,Ensino Médio,3.50
2706307,Palmeira dos Índios,2021,indicadores_rendimento,Taxa de Abandono,Estadual,Ensino Médio,1.50
2706307,Palmeira dos Índios,2021,indicadores_rendimento,Taxa de Aprovação,Municipal,Ensino Médio,95.00
2706307,Palmeira dos Índios,2021,indicadores_rendimento,Taxa de Reprovação,Municipal,Ensino Médio,3.50
2706307,Palmeira dos Índios,2021,indicadores_rendimento,Taxa de Abandono,Municipal,Ensino Médio,1.50
2706307,Palmeira dos Índios,2021,indicadores_rendimento,Taxa de Aprovação,Federal,Ensino Médio,95.00
2706307,Palmeira dos Índios,2021,indicadores_rendimento,Taxa de Reprovação,Federal,Ensino Médio,3.50
2706307,Palmeira dos Índios,2021,indicadores_rendimento,Taxa de Abandono,Federal,Ensino Médio,1.50
2706307,Palmeira dos Índios,2021,indicadores_rendimento,Taxa de Aprovação,Privada,Ensino Médio,95.00
2706307,Palmeira dos Índios,2021,indicadores_rendimento,Taxa de Reprovação,Privada,Ensino Médio,3.50
2706307,Palmeira dos Índios,2021,indicadores_rendimento,Taxa de Abandono,Privada,Ensino Médio,1.50
2706307,Palmeira dos Índios,2021,indicadores_rendimento,Taxa de Aprovação,Pública,Ensino Médio,95.00
2706307,Palmeira dos Índios,2021,indicadores_rendimento,Taxa de Reprovação,Pública,Ensino Médio,3.50
2706307,Palmeira dos Índios,2021,indicadores_rendimento,Taxa de Abandono,Pública,Ensino Médio,1.50
2706307,Palmeira dos Índios,2021,indicadores_rendimento,Taxa de Aprovação,Total,Ensino Médio,95.00
2706307,Palmeira dos Índios,2021,indicadores_rendimento,Taxa de Reprovação,Total,Ensino Médio,3.50
2706307,Palmeira dos Índios,2021,indicadores_rendimento,Taxa de Abandono,Total,Ensino Médio,1.50
2706307,Palmeira dos Índios,2022,censo_escolar,Matrícula,Estadual,Educação Infantil,1620.0
2706307,Palmeira dos Índios,2022,censo_escolar,Escolas,Estadual,Educação Infantil,15.0
2706307,Palmeira dos Índios,2022,censo_escolar,Matrícula,Municipal,Educação Infantil,2000.0
2706307,Palmeira dos Índios,2022,censo_escolar,Escolas,Municipal,Educação Infantil,20.0
2706307,Palmeira dos Índios,2022,censo_escolar,Matrícula,Federal,Educação Infantil,0.0
2706307,Palmeira dos Índios,2022,censo_escolar,Escolas,Federal,Educação Infantil,0.0
2706307,Palmeira dos Índios,2022,censo_escolar,Matrícula,Privada,Educação Infantil,1500.0
2706307,Palmeira dos Índios,2022,censo_escolar,Escolas,Privada,Educação Infantil,15.0
2706307,Palmeira dos Índios,2022,censo_escolar,Matrícula,Pública,Educação Infantil,3620.0
2706307,Palmeira dos Índios,2022,censo_escolar,Escolas,Pública,Educação Infantil,35.0
2706307,Palmeira dos Índios,2022,censo_escolar,Matrícula,Total,Educação Infantil,5120.0
2706307,Palmeira dos Índios,2022,censo_escolar,Escolas,Total,Educação Infantil,50.0
2706307,Palmeira dos Índios,2022,censo_escolar,Matrícula,Estadual,Ensino Fundamental,1620.0
2706307,Palmeira dos Índios,2022,censo_escolar,Escolas,Estadual,Ensino Fundamental,15.0
2706307,Palmeira dos Índios,2022,censo_escolar,Matrícula,Municipal,Ensino Fundamental,2000.0
2706307,Palmeira dos Índios,2022,censo_escolar,Escolas,Municipal,Ensino Fundamental,20.0
2706307,Palmeira dos Índios,2022,censo_escolar,Matrícula,Federal,Ensino Fundamental,0.0
2706307,Palmeira dos Índios,2022,censo_escolar,Escolas,Federal,Ensino Fundamental,0.0
2706307,Palmeira dos Índios,2022,censo_escolar,Matrícula,Privada,Ensino Fundamental,1500.0
2706307,Palmeira dos Índios,2022,censo_escolar,Escolas,Privada,Ensino Fundamental,15.0
2706307,Palmeira dos Índios,2022,censo_escolar,Matrícula,Pública,Ensino Fundamental,3620.0
2706307,Palmeira dos Índios,2022,censo_escolar,Escolas,Pública,Ensino Fundamental,35.0
2706307,Palmeira dos Índios,2022,censo_escolar,Matrícula,Total,Ensino Fundamental,5120.0
2706307,Palmeira dos Índios,2022,censo_escolar,Escolas,Total,Ensino Fundamental,50.0
2706307,Palmeira dos Índios,2022,censo_escolar,Matrícula,Estadual,Ensino Médio,1620.0
2706307,Palmeira dos Índios,2022,censo_escolar,Escolas,Estadual,Ensino Médio,15.0
2706307,Palmeira dos Índios,2022,censo_escolar,Matrícula,Municipal,Ensino Médio,2000.0
2706307,Palmeira dos Índios,2022,censo_escolar,Escolas,Municipal,Ensino Médio,20.0
2706307,Palmeira dos Índios,2022,censo_escolar,Matrícula,Federal,Ensino Médio,0.0
2706307,Palmeira dos Índios,2022,censo_escolar,Escolas,Federal,Ensino Médio,0.0
2706307,Palmeira dos Índios,2022,censo_escolar,Matrícula,Privada,Ensino Médio,1500.0
2706307,Palmeira dos Índios,2022,censo_escolar,Escolas,Privada,Ensino Médio,15.0
2706307,Palmeira dos Índios,2022,censo_escolar,Matrícula,Pública,Ensino Médio,3620.0
2706307,Palmeira dos Índios,2022,censo_escolar,Escolas,Pública,Ensino Médio,35.0
2706307,Palmeira dos Índios,2022,censo_escolar,Matrícula,Total,Ensino Médio,5120.0
2706307,Palmeira dos Índios,2022,censo_escolar,Escolas,Total,Ensino Médio,50.0
2706307,Palmeira dos Índios,2022,censo_escolar,Matrícula,Estadual,Educação de Jovens e Adultos (EJA),1620.0
2706307,Palmeira dos Índios,2022,censo_escolar,Escolas,Estadual,Educação de Jovens e Adultos (EJA),15.0
2706307,Palmeira dos Índios,2022,censo_escolar,Matrícula,Municipal,Educação de Jovens e Adultos (EJA),2000.0
2706307,Palmeira dos Índios,2022,censo_escolar,Escolas,Municipal,Educação de Jovens e Adultos (EJA),20.0
2706307,Palmeira dos Índios,2022,censo_escolar,Matrícula,Federal,Educação de Jovens e Adultos (EJA),0.0
2706307,Palmeira dos Índios,2022,censo_escolar,Escolas,Federal,Educação de Jovens e Adultos (EJA),0.0
2706307,Palmeira dos Índios,2022,censo_escolar,Matrícula,Privada,Educação de Jovens e Adultos (EJA),1500.0
2706307,Palmeira dos Índios,2022,censo_escolar,Escolas,Privada,Educação de Jovens e Adultos (EJA),15.0
2706307,Palmeira dos Índios,2022,censo_escolar,Matrícula,Pública,Educação de Jovens e Adultos (EJA),3620.0
2706307,Palmeira dos Índios,2022,censo_escolar,Escolas,Pública,Educação de Jovens e Adultos (EJA),35.0
2706307,Palmeira dos Índios,2022,censo_escolar,Matrícula,Total,Educação de Jovens e Adultos (EJA),5120.0
2706307,Palmeira dos Índios,2022,censo_escolar,Escolas,Total,Educação de Jovens e Adultos (EJA),50.0
2706307,Palmeira dos Índios,2022,censo_escolar,Matrícula,Estadual,Educação Profissional,1620.0
2706307,Palmeira dos Índios,2022,censo_escolar,Escolas,Estadual,Educação Profissional,15.0
2706307,Palmeira dos Índios,2022,censo_escolar,Matrícula,Municipal,Educação Profissional,2000.0
2706307,Palmeira dos Índios,2022,censo_escolar,Escolas,Municipal,Educação Profissional,20.0
2706307,Palmeira dos Índios,2022,censo_escolar,Matrícula,Federal,Educação Profissional,0.0
2706307,Palmeira dos Índios,2022,censo_escolar,Escolas,Federal,Educação Profissional,0.0
2706307,Palmeira dos Índios,2022,censo_escolar,Matrícula,Privada,Educação Profissional,1500.0
2706307,Palmeira dos Índios,2022,censo_escolar,Escolas,Privada,Educação Profissional,15.0
2706307,Palmeira dos Índios,2022,censo_escolar,Matrícula,Pública,Educação Profissional,3620.0
2706307,Palmeira dos Índios,2022,censo_escolar,Escolas,Pública,Educação Profissional,35.0
2706307,Palmeira dos Índios,2022,censo_escolar,Matrícula,Total,Educação Profissional,5120.0
2706307,Palmeira dos Índios,2022,censo_escolar,Escolas,Total,Educação Profissional,50.0
2706307,Palmeira dos Índios,2022,indicadores_rendimento,Taxa de Aprovação,Estadual,Ensino Fundamental,95.00
2706307,Palmeira dos Índios,2022,indicadores_rendimento,Taxa de Reprovação,Estadual,Ensino Fundamental,3.50
2706307,Palmeira dos Índios,2022,indicadores_rendimento,Taxa de Abandono,Estadual,Ensino Fundamental,1.50
2706307,Palmeira dos Índios,2022,indicadores_rendimento,Taxa de Aprovação,Municipal,Ensino Fundamental,95.00
2706307,Palmeira dos Índios,2022,indicadores_rendimento,Taxa de Reprovação,Municipal,Ensino Fundamental,3.50
2706307,Palmeira dos Índios,2022,indicadores_rendimento,Taxa de Abandono,Municipal,Ensino Fundamental,1.50
2706307,Palmeira dos Índios,2022,indicadores_rendimento,Taxa de Aprovação,Federal,Ensino Fundamental,95.00
2706307,Palmeira dos Índios,2022,indicadores_rendimento,Taxa de Reprovação,Federal,Ensino Fundamental,3.50
2706307,Palmeira dos Índios,2022,indicadores_rendimento,Taxa de Abandono,Federal,Ensino Fundamental,1.50
2706307,Palmeira dos Índios,2022,indicadores_rendimento,Taxa de Aprovação,Privada,Ensino Fundamental,95.00
2706307,Palmeira dos Índios,2022,indicadores_rendimento,Taxa de Reprovação,Privada,Ensino Fundamental,3.50
2706307,Palmeira dos Índios,2022,indicadores_rendimento,Taxa de Abandono,Privada,Ensino Fundamental,1.50
2706307,Palmeira dos Índios,2022,indicadores_rendimento,Taxa de Aprovação,Pública,Ensino Fundamental,95.00
2706307,Palmeira dos Índios,2022,indicadores_rendimento,Taxa de Reprovação,Pública,Ensino Fundamental,3.50
2706307,Palmeira dos Índios,2022,indicadores_rendimento,Taxa de Abandono,Pública,Ensino Fundamental,1.50
2706307,Palmeira dos Índios,2022,indicadores_rendimento,Taxa de Aprovação,Total,Ensino Fundamental,95.00
2706307,Palmeira dos Índios,2022,indicadores_rendimento,Taxa de Reprovação,Total,Ensino Fundamental,3.50
2706307,Palmeira dos Índios,2022,indicadores_rendimento,Taxa de Abandono,Total,Ensino Fundamental,1.50
2706307,Palmeira dos Índios,2022,indicadores_rendimento,Taxa de Aprovação,Estadual,Ensino Médio,95.00
2706307,Palmeira dos Índios,2022,indicadores_rendimento,Taxa de Reprovação,Estadual,Ensino Médio,3.50
2706307,Palmeira dos Índios,2022,indicadores_rendimento,Taxa de Abandono,Estadual,Ensino Médio,1.50
2706307,Palmeira dos Índios,2022,indicadores_rendimento,Taxa de Aprovação,Municipal,Ensino Médio,95.00
2706307,Palmeira dos Índios,2022,indicadores_rendimento,Taxa de Reprovação,Municipal,Ensino Médio,3.50
2706307,Palmeira dos Índios,2022,indicadores_rendimento,Taxa de Abandono,Municipal,Ensino Médio,1.50
2706307,Palmeira dos Índios,2022,indicadores_rendimento,Taxa de Aprovação,Federal,Ensino Médio,95.00
2706307,Palmeira dos Índios,2022,indicadores_rendimento,Taxa de Reprovação,Federal,Ensino Médio,3.50
2706307,Palmeira dos Índios,2022,indicadores_rendimento,Taxa de Abandono,Federal,Ensino Médio,1.50
2706307,Palmeira dos Índios,2022,indicadores_rendimento,Taxa de Aprovação,Privada,Ensino Médio,95.00
2706307,Palmeira dos Índios,2022,indicadores_rendimento,Taxa de Reprovação,Privada,Ensino Médio,3.50
2706307,Palmeira dos Índios,2022,indicadores_rendimento,Taxa de Abandono,Privada,Ensino Médio,1.50
2706307,Palmeira dos Índios,2022,indicadores_rendimento,Taxa de Aprovação,Pública,Ensino Médio,95.00
2706307,Palmeira dos Índios,2022,indicadores_rendimento,Taxa de Reprovação,Pública,Ensino Médio,3.50
2706307,Palmeira dos Índios,2022,indicadores_rendimento,Taxa de Abandono,Pública,Ensino Médio,1.50
2706307,Palmeira dos Índios,2022,indicadores_rendimento,Taxa de Aprovação,Total,Ensino Médio,95.00
2706307,Palmeira dos Índios,2022,indicadores_rendimento,Taxa de Reprovação,Total,Ensino Médio,3.50
2706307,Palmeira dos Índios,2022,indicadores_rendimento,Taxa de Abandono,Total,Ensino Médio,1.50
2706307,Palmeira dos Índios,2022,censo_demografico,Pessoas Alfabetizadas,Não se aplica,Pessoas de 15 anos ou mais de idade,85000.0
2706307,Palmeira dos Índios,2022,censo_demografico,Pessoas Total,Não se aplica,Pessoas de 15 anos ou mais de idade,100000.0
2706307,Palmeira dos Índios,2022,censo_demografico,Taxa de Alfabetização,Não se aplica,Pessoas de 15 anos ou mais de idade,85.00
2706307,Palmeira dos Índios,2022,censo_demografico,Taxa de Analfabetismo,Não se aplica,Pessoas de 15 anos ou mais de idade,15.00
2706307,Palmeira dos Índios,2023,censo_escolar,Matrícula,Estadual,Educação Infantil,750.0
2706307,Palmeira dos Índios,2023,censo_escolar,Escolas,Estadual,Educação Infantil,15.0
2706307,Palmeira dos Índios,2023,censo_escolar,Matrícula,Municipal,Educação Infantil,875.0
2706307,Palmeira dos Índios,2023,censo_escolar,Escolas,Municipal,Educação Infantil,20.0
2706307,Palmeira dos Índios,2023,censo_escolar,Matrícula,Federal,Educação Infantil,0.0
2706307,Palmeira dos Índios,2023,censo_escolar,Escolas,Federal,Educação Infantil,0.0
2706307,Palmeira dos Índios,2023,censo_escolar,Matrícula,Privada,Educação Infantil,875.0
2706307,Palmeira dos Índios,2023,censo_escolar,Escolas,Privada,Educação Infantil,15.0
2706307,Palmeira dos Índios,2023,censo_escolar,Matrícula,Pública,Educação Infantil,1625.0
2706307,Palmeira dos Índios,2023,censo_escolar,Escolas,Pública,Educação Infantil,35.0
2706307,Palmeira dos Índios,2023,censo_escolar,Escolas,Total,Educação Infantil,50.0
2706307,Palmeira dos Índios,2023,censo_escolar,Matrícula,Estadual,Ensino Fundamental,3600.0
2706307,Palmeira dos Índios,2023,censo_escolar,Escolas,Estadual,Ensino Fundamental,15.0
2706307,Palmeira dos Índios,2023,censo_escolar,Matrícula,Municipal,Ensino Fundamental,4200.0
2706307,Palmeira dos Índios,2023,censo_escolar,Escolas,Municipal,Ensino Fundamental,20.0
2706307,Palmeira dos Índios,2023,censo_escolar,Matrícula,Federal,Ensino Fundamental,0.0
2706307,Palmeira dos Índios,2023,censo_escolar,Escolas,Federal,Ensino Fundamental,0.0
2706307,Palmeira dos Índios,2023,censo_escolar,Matrícula,Privada,Ensino Fundamental,4200.0
2706307,Palmeira dos Índios,2023,censo_escolar,Escolas,Privada,Ensino Fundamental,15.0
2706307,Palmeira dos Índios,2023,censo_escolar,Matrícula,Pública,Ensino Fundamental,7800.0
2706307,Palmeira dos Índios,2023,censo_escolar,Escolas,Pública,Ensino Fundamental,35.0
2706307,Palmeira dos Índios,2023,censo_escolar,Escolas,Total,Ensino Fundamental,50.0
2706307,Palmeira dos Índios,2023,censo_escolar,Matrícula,Estadual,Ensino Médio,1200.0
2706307,Palmeira dos Índios,2023,censo_escolar,Escolas,Estadual,Ensino Médio,15.0
2706307,Palmeira dos Índios,2023,censo_escolar,Matrícula,Municipal,Ensino Médio,1400.0
2706307,Palmeira dos Índios,2023,censo_escolar,Escolas,Municipal,Ensino Médio,20.0
2706307,Palmeira dos Índios,2023,censo_escolar,Matrícula,Federal,Ensino Médio,0.0
2706307,Palmeira dos Índios,2023,censo_escolar,Escolas,Federal,Ensino Médio,0.0
2706307,Palmeira dos Índios,2023,censo_escolar,Matrícula,Privada,Ensino Médio,1400.0
2706307,Palmeira dos Índios,2023,censo_escolar,Escolas,Privada,Ensino Médio,15.0
2706307,Palmeira dos Índios,2023,censo_escolar,Matrícula,Pública,Ensino Médio,2600.0
2706307,Palmeira dos Índios,2023,censo_escolar,Escolas,Pública,Ensino Médio,35.0
2706307,Palmeira dos Índios,2023,censo_escolar,Escolas,Total,Ensino Médio,50.0
2706307,Palmeira dos Índios,2023,censo_escolar,Matrícula,Estadual,Educação de Jovens e Adultos (EJA),240.0
2706307,Palmeira dos Índios,2023,censo_escolar,Escolas,Estadual,Educação de Jovens e Adultos (EJA),15.0
2706307,Palmeira dos Índios,2023,censo_escolar,Matrícula,Municipal,Educação de Jovens e Adultos (EJA),280.0
2706307,Palmeira dos Índios,2023,censo_escolar,Escolas,Municipal,Educação de Jovens e Adultos (EJA),20.0
2706307,Palmeira dos Índios,2023,censo_escolar,Matrícula,Federal,Educação de Jovens e Adultos (EJA),0.0
2706307,Palmeira dos Índios,2023,censo_escolar,Escolas,Federal,Educação de Jovens e Adultos (EJA),0.0
2706307,Palmeira dos Índios,2023,censo_escolar,Matrícula,Privada,Educação de Jovens e Adultos (EJA),280.0
2706307,Palmeira dos Índios,2023,censo_escolar,Escolas,Privada,Educação de Jovens e Adultos (EJA),15.0
2706307,Palmeira dos Índios,2023,censo_escolar,Matrícula,Pública,Educação de Jovens e Adultos (EJA),520.0
2706307,Palmeira dos Índios,2023,censo_escolar,Escolas,Pública,Educação de Jovens e Adultos (EJA),35.0
2706307,Palmeira dos Índios,2023,censo_escolar,Escolas,Total,Educação de Jovens e Adultos (EJA),50.0
2706307,Palmeira dos Índios,2023,censo_escolar,Matrícula,Estadual,Educação Profissional,150.0
2706307,Palmeira dos Índios,2023,censo_escolar,Escolas,Estadual,Educação Profissional,15.0
2706307,Palmeira dos Índios,2023,censo_escolar,Matrícula,Municipal,Educação Profissional,175.0
2706307,Palmeira dos Índios,2023,censo_escolar,Escolas,Municipal,Educação Profissional,20.0
2706307,Palmeira dos Índios,2023,censo_escolar,Matrícula,Federal,Educação Profissional,0.0
2706307,Palmeira dos Índios,2023,censo_escolar,Escolas,Federal,Educação Profissional,0.0
2706307,Palmeira dos Índios,2023,censo_escolar,Matrícula,Privada,Educação Profissional,175.0
2706307,Palmeira dos Índios,2023,censo_escolar,Escolas,Privada,Educação Profissional,15.0
2706307,Palmeira dos Índios,2023,censo_escolar,Matrícula,Pública,Educação Profissional,325.0
2706307,Palmeira dos Índios,2023,censo_escolar,Escolas,Pública,Educação Profissional,35.0
2706307,Palmeira dos Índios,2023,censo_escolar,Escolas,Total,Educação Profissional,50.0
2706307,Palmeira dos Índios,2023,indicadores_rendimento,Taxa de Aprovação,Estadual,Ensino Fundamental,95.00
2706307,Palmeira dos Índios,2023,indicadores_rendimento,Taxa de Reprovação,Estadual,Ensino Fundamental,3.50
2706307,Palmeira dos Índios,2023,indicadores_rendimento,Taxa de Abandono,Estadual,Ensino Fundamental,1.50
2706307,Palmeira dos Índios,2023,indicadores_rendimento,Taxa de Aprovação,Municipal,Ensino Fundamental,95.00
2706307,Palmeira dos Índios,2023,indicadores_rendimento,Taxa de Reprovação,Municipal,Ensino Fundamental,3.50
2706307,Palmeira dos Índios,2023,indicadores_rendimento,Taxa de Abandono,Municipal,Ensino Fundamental,1.50
2706307,Palmeira dos Índios,2023,indicadores_rendimento,Taxa de Aprovação,Federal,Ensino Fundamental,95.00
2706307,Palmeira dos Índios,2023,indicadores_rendimento,Taxa de Reprovação,Federal,Ensino Fundamental,3.50
2706307,Palmeira dos Índios,2023,indicadores_rendimento,Taxa de Abandono,Federal,Ensino Fundamental,1.50
2706307,Palmeira dos Índios,2023,indicadores_rendimento,Taxa de Aprovação,Privada,Ensino Fundamental,95.00
2706307,Palmeira dos Índios,2023,indicadores_rendimento,Taxa de Reprovação,Privada,Ensino Fundamental,3.50
2706307,Palmeira dos Índios,2023,indicadores_rendimento,Taxa de Abandono,Privada,Ensino Fundamental,1.50
2706307,Palmeira dos Índios,2023,indicadores_rendimento,Taxa de Aprovação,Pública,Ensino Fundamental,95.00
2706307,Palmeira dos Índios,2023,indicadores_rendimento,Taxa de Reprovação,Pública,Ensino Fundamental,3.50
2706307,Palmeira dos Índios,2023,indicadores_rendimento,Taxa de Abandono,Pública,Ensino Fundamental,1.50
2706307,Palmeira dos Índios,2023,indicadores_rendimento,Taxa de Reprovação,Total,Ensino Fundamental,3.36
2706307,Palmeira dos Índios,2023,indicadores_rendimento,Taxa de Abandono,Total,Ensino Fundamental,1.44
2706307,Palmeira dos Índios,2023,indicadores_rendimento,Taxa de Aprovação,Estadual,Ensino Médio,95.00
2706307,Palmeira dos Índios,2023,indicadores_rendimento,Taxa de Reprovação,Estadual,Ensino Médio,3.50
2706307,Palmeira dos Índios,2023,indicadores_rendimento,Taxa de Abandono,Estadual,Ensino Médio,1.50
2706307,Palmeira dos Índios,2023,indicadores_rendimento,Taxa de Aprovação,Municipal,Ensino Médio,95.00
2706307,Palmeira dos Índios,2023,indicadores_rendimento,Taxa de Reprovação,Municipal,Ensino Médio,3.50
2706307,Palmeira dos Índios,2023,indicadores_rendimento,Taxa de Abandono,Municipal,Ensino Médio,1.50
2706307,Palmeira dos Índios,2023,indicadores_rendimento,Taxa de Aprovação,Federal,Ensino Médio,95.00
2706307,Palmeira dos Índios,2023,indicadores_rendimento,Taxa de Reprovação,Federal,Ensino Médio,3.50
2706307,Palmeira dos Índios,2023,indicadores_rendimento,Taxa de Abandono,Federal,Ensino Médio,1.50
2706307,Palmeira dos Índios,2023,indicadores_rendimento,Taxa de Aprovação,Privada,Ensino Médio,95.00
2706307,Palmeira dos Índios,2023,indicadores_rendimento,Taxa de Reprovação,Privada,Ensino Médio,3.50
2706307,Palmeira dos Índios,2023,indicadores_rendimento,Taxa de Abandono,Privada,Ensino Médio,1.50
2706307,Palmeira dos Índios,2023,indicadores_rendimento,Taxa de Aprovação,Pública,Ensino Médio,95.00
2706307,Palmeira dos Índios,2023,indicadores_rendimento,Taxa de Reprovação,Pública,Ensino Médio,3.50
2706307,Palmeira dos Índios,2023,indicadores_rendimento,Taxa de Abandono,Pública,Ensino Médio,1.50
2706307,Palmeira dos Índios,2023,indicadores_rendimento,Taxa de Aprovação,Total,Ensino Médio,95.00
2706307,Palmeira dos Índios,2023,indicadores_rendimento,Taxa de Reprovação,Total,Ensino Médio,3.50
2706307,Palmeira dos Índios,2023,indicadores_rendimento,Taxa de Abandono,Total,Ensino Médio,1.50
2706703,Penedo,2010,censo_escolar,Matrícula,Estadual,Educação Infantil,1500.0
2706703,Penedo,2010,censo_escolar,Escolas,Estadual,Educação Infantil,15.0
2706703,Penedo,2010,censo_escolar,Matrícula,Municipal,Educação Infantil,2000.0
2706703,Penedo,2010,censo_escolar,Escolas,Municipal,Educação Infantil,20.0
2706703,Penedo,2010,censo_escolar,Matrícula,Federal,Educação Infantil,0.0
2706703,Penedo,2010,censo_escolar,Escolas,Federal,Educação Infantil,0.0
2706703,Penedo,2010,censo_escolar,Matrícula,Privada,Educação Infantil,1500.0
2706703,Penedo,2010,censo_escolar,Escolas,Privada,Educação Infantil,15.0
2706703,Penedo,2010,censo_escolar,Matrícula,Pública,Educação Infantil,3500.0
2706703,Penedo,2010,censo_escolar,Escolas,Pública,Educação Infantil,35.0
2706703,Penedo,2010,censo_escolar,Matrícula,Total,Educação Infantil,5000.0
2706703,Penedo,2010,censo_escolar,Escolas,Total,Educação Infantil,50.0
2706703,Penedo,2010,censo_escolar,Matrícula,Estadual,Ensino Fundamental,1500.0
2706703,Penedo,2010,censo_escolar,Escolas,Estadual,Ensino Fundamental,15.0
2706703,Penedo,2010,censo_escolar,Matrícula,Municipal,Ensino Fundamental,2000.0
2706703,Penedo,2010,censo_escolar,Escolas,Municipal,Ensino Fundamental,20.0
2706703,Penedo,2010,censo_escolar,Matrícula,Federal,Ensino Fundamental,0.0
2706703,Penedo,2010,censo_escolar,Escolas,Federal,Ensino Fundamental,0.0
2706703,Penedo,2010,censo_escolar,Matrícula,Privada,Ensino Fundamental,1500.0
2706703,Penedo,2010,censo_escolar,Escolas,Privada,Ensino Fundamental,15.0
2706703,Penedo,2010,censo_escolar,Matrícula,Pública,Ensino Fundamental,3500.0
2706703,Penedo,2010,censo_escolar,Escolas,Pública,Ensino Fundamental,35.0
2706703,Penedo,2010,censo_escolar,Matrícula,Total,Ensino Fundamental,5000.0
2706703,Penedo,2010,censo_escolar,Escolas,Total,Ensino Fundamental,50.0
2706703,Penedo,2010,censo_escolar,Matrícula,Estadual,Ensino Médio,1500.0
2706703,Penedo,2010,censo_escolar,Escolas,Estadual,Ensino Médio,15.0
2706703,Penedo,2010,censo_escolar,Matrícula,Municipal,Ensino Médio,2000.0
2706703,Penedo,2010,censo_escolar,Escolas,Municipal,Ensino Médio,20.0
2706703,Penedo,2010,censo_escolar,Matrícula,Federal,Ensino Médio,0.0
2706703,Penedo,2010,censo_escolar,Escolas,Federal,Ensino Médio,0.0
2706703,Penedo,2010,censo_escolar,Matrícula,Privada,Ensino Médio,1500.0
2706703,Penedo,2010,censo_escolar,Escolas,Privada,Ensino Médio,15.0
2706703,Penedo,2010,censo_escolar,Matrícula,Pública,Ensino Médio,3500.0
2706703,Penedo,2010,censo_escolar,Escolas,Pública,Ensino Médio,35.0
2706703,Penedo,2010,censo_escolar,Matrícula,Total,Ensino Médio,5000.0
2706703,Penedo,2010,censo_escolar,Escolas,Total,Ensino Médio,50.0
2706703,Penedo,2010,censo_escolar,Matrícula,Estadual,Educação de Jovens e Adultos (EJA),1500.0
2706703,Penedo,2010,censo_escolar,Escolas,Estadual,Educação de Jovens e Adultos (EJA),15.0
2706703,Penedo,2010,censo_escolar,Matrícula,Municipal,Educação de Jovens e Adultos (EJA),2000.0
2706703,Penedo,2010,censo_escolar,Escolas,Municipal,Educação de Jovens e Adultos (EJA),20.0
2706703,Penedo,2010,censo_escolar,Matrícula,Federal,Educação de Jovens e Adultos (EJA),0.0
2706703,Penedo,2010,censo_escolar,Escolas,Federal,Educação de Jovens e Adultos (EJA),0.0
2706703,Penedo,2010,censo_escolar,Matrícula,Privada,Educação de Jovens e Adultos (EJA),1500.0
2706703,Penedo,2010,censo_escolar,Escolas,Privada,Educação de Jovens e Adultos (EJA),15.0
2706703,Penedo,2010,censo_escolar,Matrícula,Pública,Educação de Jovens e Adultos (EJA),3500.0
2706703,Penedo,2010,censo_escolar,Escolas,Pública,Educação de Jovens e Adultos (EJA),35.0
2706703,Penedo,2010,censo_escolar,Matrícula,Total,Educação de Jovens e Adultos (EJA),5000.0
2706703,Penedo,2010,censo_escolar,Escolas,Total,Educação de Jovens e Adultos (EJA),50.0
2706703,Penedo,2010,censo_escolar,Matrícula,Estadual,Educação Profissional,1500.0
2706703,Penedo,2010,censo_escolar,Escolas,Estadual,Educação Profissional,15.0
2706703,Penedo,2010,censo_escolar,Matrícula,Municipal,Educação Profissional,2000.0
2706703,Penedo,2010,censo_escolar,Escolas,Municipal,Educação Profissional,20.0
2706703,Penedo,2010,censo_escolar,Matrícula,Federal,Educação Profissional,0.0
2706703,Penedo,2010,censo_escolar,Escolas,Federal,Educação Profissional,0.0
2706703,Penedo,2010,censo_escolar,Matrícula,Privada,Educação Profissional,1500.0
2706703,Penedo,2010,censo_escolar,Escolas,Privada,Educação Profissional,15.0
2706703,Penedo,2010,censo_escolar,Matrícula,Pública,Educação Profissional,3500.0
2706703,Penedo,2010,censo_escolar,Escolas,Pública,Educação Profissional,35.0
2706703,Penedo,2010,censo_escolar,Matrícula,Total,Educação Profissional,5000.0
2706703,Penedo,2010,censo_escolar,Escolas,Total,Educação Profissional,50.0
2706703,Penedo,2010,indicadores_rendimento,Taxa de Aprovação,Estadual,Ensino Fundamental,95.00
2706703,Penedo,2010,indicadores_rendimento,Taxa de Reprovação,Estadual,Ensino Fundamental,3.50
2706703,Penedo,2010,indicadores_rendimento,Taxa de Abandono,Estadual,Ensino Fundamental,1.50
2706703,Penedo,2010,indicadores_rendimento,Taxa de Aprovação,Municipal,Ensino Fundamental,95.00
2706703,Penedo,2010,indicadores_rendimento,Taxa de Reprovação,Municipal,Ensino Fundamental,3.50
2706703,Penedo,2010,indicadores_rendimento,Taxa de Abandono,Municipal,Ensino Fundamental,1.50
2706703,Penedo,2010,indicadores_rendimento,Taxa de Aprovação,Federal,Ensino Fundamental,95.00
2706703,Penedo,2010,indicadores_rendimento,Taxa de Reprovação,Federal,Ensino Fundamental,3.50
2706703,Penedo,2010,indicadores_rendimento,Taxa de Abandono,Federal,Ensino Fundamental,1.50
2706703,Penedo,2010,indicadores_rendimento,Taxa de Aprovação,Privada,Ensino Fundamental,95.00
2706703,Penedo,2010,indicadores_rendimento,Taxa de Reprovação,Privada,Ensino Fundamental,3.50
2706703,Penedo,2010,indicadores_rendimento,Taxa de Abandono,Privada,Ensino Fundamental,1.50
2706703,Penedo,2010,indicadores_rendimento,Taxa de Aprovação,Pública,Ensino Fundamental,95.00
2706703,Penedo,2010,indicadores_rendimento,Taxa de Reprovação,Pública,Ensino Fundamental,3.50
2706703,Penedo,2010,indicadores_rendimento,Taxa de Abandono,Pública,Ensino Fundamental,1.50
2706703,Penedo,2010,indicadores_rendimento,Taxa de Aprovação,Total,Ensino Fundamental,95.00
2706703,Penedo,2010,indicadores_rendimento,Taxa de Reprovação,Total,Ensino Fundamental,3.50
2706703,Penedo,2010,indicadores_rendimento,Taxa de Abandono,Total,Ensino Fundamental,1.50
2706703,Penedo,2010,indicadores_rendimento,Taxa de Aprovação,Estadual,Ensino Médio,95.00
2706703,Penedo,2010,indicadores_rendimento,Taxa de Reprovação,Estadual,Ensino Médio,3.50
2706703,Penedo,2010,indicadores_rendimento,Taxa de Abandono,Estadual,Ensino Médio,1.50
2706703,Penedo,2010,indicadores_rendimento,Taxa de Aprovação,Municipal,Ensino Médio,95.00
2706703,Penedo,2010,indicadores_rendimento,Taxa de Reprovação,Municipal,Ensino Médio,3.50
2706703,Penedo,2010,indicadores_rendimento,Taxa de Abandono,Municipal,Ensino Médio,1.50
2706703,Penedo,2010,indicadores_rendimento,Taxa de Aprovação,Federal,Ensino Médio,95.00
2706703,Penedo,2010,indicadores_rendimento,Taxa de Reprovação,Federal,Ensino Médio,3.50
2706703,Penedo,2010,indicadores_rendimento,Taxa de Abandono,Federal,Ensino Médio,1.50
2706703,Penedo,2010,indicadores_rendimento,Taxa de Aprovação,Privada,Ensino Médio,95.00
2706703,Penedo,2010,indicadores_rendimento,Taxa de Reprovação,Privada,Ensino Médio,3.50
2706703,Penedo,2010,indicadores_rendimento,Taxa de Abandono,Privada,Ensino Médio,1.50
2706703,Penedo,2010,indicadores_rendimento,Taxa de Aprovação,Pública,Ensino Médio,95.00
2706703,Penedo,2010,indicadores_rendimento,Taxa de Reprovação,Pública,Ensino Médio,3.50
2706703,Penedo,2010,indicadores_rendimento,Taxa de Abandono,Pública,Ensino Médio,1.50
2706703,Penedo,2010,indicadores_rendimento,Taxa de Aprovação,Total,Ensino Médio,95.00
2706703,Penedo,2010,indicadores_rendimento,Taxa de Reprovação,Total,Ensino Médio,3.50
2706703,Penedo,2010,indicadores_rendimento,Taxa de Abandono,Total,Ensino Médio,1.50
2706703,Penedo,2010,censo_demografico,Pessoas Alfabetizadas,Não se aplica,Pessoas de 15 anos ou mais de idade,85000.0
2706703,Penedo,2010,censo_demografico,Pessoas Total,Não se aplica,Pessoas de 15 anos ou mais de idade,100000.0
2706703,Penedo,2010,censo_demografico,Taxa de Alfabetização,Não se aplica,Pessoas de 15 anos ou mais de idade,80.00
2706703,Penedo,2010,censo_demografico,Taxa de Analfabetismo,Não se aplica,Pessoas de 15 anos ou mais de idade,20.00
2706703,Penedo,2019,censo_escolar,Matrícula,Estadual,Educação Infantil,1590.0
2706703,Penedo,2019,censo_escolar,Escolas,Estadual,Educação Infantil,15.0
2706703,Penedo,2019,censo_escolar,Matrícula,Municipal,Educação Infantil,2000.0
2706703,Penedo,2019,censo_escolar,Escolas,Municipal,Educação Infantil,20.0
2706703,Penedo,2019,censo_escolar,Matrícula,Federal,Educação Infantil,0.0
2706703,Penedo,2019,censo_escolar,Escolas,Federal,Educação Infantil,0.0
2706703,Penedo,2019,censo_escolar,Matrícula,Privada,Educação Infantil,1500.0
2706703,Penedo,2019,censo_escolar,Escolas,Privada,Educação Infantil,15.0
2706703,Penedo,2019,censo_escolar,Matrícula,Pública,Educação Infantil,3590.0
2706703,Penedo,2019,censo_escolar,Escolas,Pública,Educação Infantil,35.0
2706703,Penedo,2019,censo_escolar,Matrícula,Total,Educação Infantil,5090.0
2706703,Penedo,2019,censo_escolar,Escolas,Total,Educação Infantil,50.0
2706703,Penedo,2019,censo_escolar,Matrícula,Estadual,Ensino Fundamental,1590.0
2706703,Penedo,2019,censo_escolar,Escolas,Estadual,Ensino Fundamental,15.0
2706703,Penedo,2019,censo_escolar,Matrícula,Municipal,Ensino Fundamental,2000.0
2706703,Penedo,2019,censo_escolar,Escolas,Municipal,Ensino Fundamental,20.0
2706703,Penedo,2019,censo_escolar,Matrícula,Federal,Ensino Fundamental,0.0
2706703,Penedo,2019,censo_escolar,Escolas,Federal,Ensino Fundamental,0.0
2706703,Penedo,2019,censo_escolar,Matrícula,Privada,Ensino Fundamental,1500.0
2706703,Penedo,2019,censo_escolar,Escolas,Privada,Ensino Fundamental,15.0
2706703,Penedo,2019,censo_escolar,Matrícula,Pública,Ensino Fundamental,3590.0
2706703,Penedo,2019,censo_escolar,Escolas,Pública,Ensino Fundamental,35.0
2706703,Penedo,2019,censo_escolar,Matrícula,Total,Ensino Fundamental,5090.0
2706703,Penedo,2019,censo_escolar,Escolas,Total,Ensino Fundamental,50.0
2706703,Penedo,2019,censo_escolar,Matrícula,Estadual,Ensino Médio,1590.0
2706703,Penedo,2019,censo_escolar,Escolas,Estadual,Ensino Médio,15.0
2706703,Penedo,2019,censo_escolar,Matrícula,Municipal,Ensino Médio,2000.0
2706703,Penedo,2019,censo_escolar,Escolas,Municipal,Ensino Médio,20.0
2706703,Penedo,2019,censo_escolar,Matrícula,Federal,Ensino Médio,0.0
2706703,Penedo,2019,censo_escolar,Escolas,Federal,Ensino Médio,0.0
2706703,Penedo,2019,censo_escolar,Matrícula,Privada,Ensino Médio,1500.0
2706703,Penedo,2019,censo_escolar,Escolas,Privada,Ensino Médio,15.0
2706703,Penedo,2019,censo_escolar,Matrícula,Pública,Ensino Médio,3590.0
2706703,Penedo,2019,censo_escolar,Escolas,Pública,Ensino Médio,35.0
2706703,Penedo,2019,censo_escolar,Matrícula,Total,Ensino Médio,5090.0
2706703,Penedo,2019,censo_escolar,Escolas,Total,Ensino Médio,50.0
2706703,Penedo,2019,censo_escolar,Matrícula,Estadual,Educação de Jovens e Adultos (EJA),1590.0
2706703,Penedo,2019,censo_escolar,Escolas,Estadual,Educação de Jovens e Adultos (EJA),15.0
2706703,Penedo,2019,censo_escolar,Matrícula,Municipal,Educação de Jovens e Adultos (EJA),2000.0
2706703,Penedo,2019,censo_escolar,Escolas,Municipal,Educação de Jovens e Adultos (EJA),20.0
2706703,Penedo,2019,censo_escolar,Matrícula,Federal,Educação de Jovens e Adultos (EJA),0.0
2706703,Penedo,2019,censo_escolar,Escolas,Federal,Educação de Jovens e Adultos (EJA),0.0
2706703,Penedo,2019,censo_escolar,Matrícula,Privada,Educação de Jovens e Adultos (EJA),1500.0
2706703,Penedo,2019,censo_escolar,Escolas,Privada,Educação de Jovens e Adultos (EJA),15.0
2706703,Penedo,2019,censo_escolar,Matrícula,Pública,Educação de Jovens e Adultos (EJA),3590.0
2706703,Penedo,2019,censo_escolar,Escolas,Pública,Educação de Jovens e Adultos (EJA),35.0
2706703,Penedo,2019,censo_escolar,Matrícula,Total,Educação de Jovens e Adultos (EJA),5090.0
2706703,Penedo,2019,censo_escolar,Escolas,Total,Educação de Jovens e Adultos (EJA),50.0
2706703,Penedo,2019,censo_escolar,Matrícula,Estadual,Educação Profissional,1590.0
2706703,Penedo,2019,censo_escolar,Escolas,Estadual,Educação Profissional,15.0
2706703,Penedo,2019,censo_escolar,Matrícula,Municipal,Educação Profissional,2000.0
2706703,Penedo,2019,censo_escolar,Escolas,Municipal,Educação Profissional,20.0
2706703,Penedo,2019,censo_escolar,Matrícula,Federal,Educação Profissional,0.0
2706703,Penedo,2019,censo_escolar,Escolas,Federal,Educação Profissional,0.0
2706703,Penedo,2019,censo_escolar,Matrícula,Privada,Educação Profissional,1500.0
2706703,Penedo,2019,censo_escolar,Escolas,Privada,Educação Profissional,15.0
2706703,Penedo,2019,censo_escolar,Matrícula,Pública,Educação Profissional,3590.0
2706703,Penedo,2019,censo_escolar,Escolas,Pública,Educação Profissional,35.0
2706703,Penedo,2019,censo_escolar,Matrícula,Total,Educação Profissional,5090.0
2706703,Penedo,2019,censo_escolar,Escolas,Total,Educação Profissional,50.0
2706703,Penedo,2019,indicadores_rendimento,Taxa de Aprovação,Estadual,Ensino Fundamental,95.00
2706703,Penedo,2019,indicadores_rendimento,Taxa de Reprovação,Estadual,Ensino Fundamental,3.50
2706703,Penedo,2019,indicadores_rendimento,Taxa de Abandono,Estadual,Ensino Fundamental,1.50
2706703,Penedo,2019,indicadores_rendimento,Taxa de Aprovação,Municipal,Ensino Fundamental,95.00
2706703,Penedo,2019,indicadores_rendimento,Taxa de Reprovação,Municipal,Ensino Fundamental,3.50
2706703,Penedo,2019,indicadores_rendimento,Taxa de Abandono,Municipal,Ensino Fundamental,1.50
2706703,Penedo,2019,indicadores_rendimento,Taxa de Aprovação,Federal,Ensino Fundamental,95.00
2706703,Penedo,2019,indicadores_rendimento,Taxa de Reprovação,Federal,Ensino Fundamental,3.50
2706703,Penedo,2019,indicadores_rendimento,Taxa de Abandono,Federal,Ensino Fundamental,1.50
2706703,Penedo,2019,indicadores_rendimento,Taxa de Aprovação,Privada,Ensino Fundamental,95.00
2706703,Penedo,2019,indicadores_rendimento,Taxa de Reprovação,Privada,Ensino Fundamental,3.50
2706703,Penedo,2019,indicadores_rendimento,Taxa de Abandono,Privada,Ensino Fundamental,1.50
2706703,Penedo,2019,indicadores_rendimento,Taxa de Aprovação,Pública,Ensino Fundamental,95.00
2706703,Penedo,2019,indicadores_rendimento,Taxa de Reprovação,Pública,Ensino Fundamental,3.50
2706703,Penedo,2019,indicadores_rendimento,Taxa de Abandono,Pública,Ensino Fundamental,1.50
2706703,Penedo,2019,indicadores_rendimento,Taxa de Aprovação,Total,Ensino Fundamental,95.00
2706703,Penedo,2019,indicadores_rendimento,Taxa de Reprovação,Total,Ensino Fundamental,3.50
2706703,Penedo,2019,indicadores_rendimento,Taxa de Abandono,Total,Ensino Fundamental,1.50
2706703,Penedo,2019,indicadores_rendimento,Taxa de Aprovação,Estadual,Ensino Médio,95.00
2706703,Penedo,2019,indicadores_rendimento,Taxa de Reprovação,Estadual,Ensino Médio,3.50
2706703,Penedo,2019,indicadores_rendimento,Taxa de Abandono,Estadual,Ensino Médio,1.50
2706703,Penedo,2019,indicadores_rendimento,Taxa de Aprovação,Municipal,Ensino Médio,95.00
2706703,Penedo,2019,indicadores_rendimento,Taxa de Reprovação,Municipal,Ensino Médio,3.50
2706703,Penedo,2019,indicadores_rendimento,Taxa de Abandono,Municipal,Ensino Médio,1.50
2706703,Penedo,2019,indicadores_rendimento,Taxa de Aprovação,Federal,Ensino Médio,95.00
2706703,Penedo,2019,indicadores_rendimento,Taxa de Reprovação,Federal,Ensino Médio,3.50
2706703,Penedo,2019,indicadores_rendimento,Taxa de Abandono,Federal,Ensino Médio,1.50
2706703,Penedo,2019,indicadores_rendimento,Taxa de Aprovação,Privada,Ensino Médio,95.00
2706703,Penedo,2019,indicadores_rendimento,Taxa de Reprovação,Privada,Ensino Médio,3.50
2706703,Penedo,2019,indicadores_rendimento,Taxa de Abandono,Privada,Ensino Médio,1.50
2706703,Penedo,2019,indicadores_rendimento,Taxa de Aprovação,Pública,Ensino Médio,95.00
2706703,Penedo,2019,indicadores_rendimento,Taxa de Reprovação,Pública,Ensino Médio,3.50
2706703,Penedo,2019,indicadores_rendimento,Taxa de Abandono,Pública,Ensino Médio,1.50
2706703,Penedo,2019,indicadores_rendimento,Taxa de Aprovação,Total,Ensino Médio,95.00
2706703,Penedo,2019,indicadores_rendimento,Taxa de Reprovação,Total,Ensino Médio,3.50
2706703,Penedo,2019,indicadores_rendimento,Taxa de Abandono,Total,Ensino Médio,1.50
2706703,Penedo,2021,censo_escolar,Matrícula,Estadual,Educação Infantil,1610.0
2706703,Penedo,2021,censo_escolar,Escolas,Estadual,Educação Infantil,15.0
2706703,Penedo,2021,censo_escolar,Matrícula,Municipal,Educação Infantil,2000.0
2706703,Penedo,2021,censo_escolar,Escolas,Municipal,Educação Infantil,20.0
2706703,Penedo,2021,censo_escolar,Matrícula,Federal,Educação Infantil,0.0
2706703,Penedo,2021,censo_escolar,Escolas,Federal,Educação Infantil,0.0
2706703,Penedo,2021,censo_escolar,Matrícula,Privada,Educação Infantil,1500.0
2706703,Penedo,2021,censo_escolar,Escolas,Privada,Educação Infantil,15.0
2706703,Penedo,2021,censo_escolar,Matrícula,Pública,Educação Infantil,3610.0
2706703,Penedo,2021,censo_escolar,Escolas,Pública,Educação Infantil,35.0
2706703,Penedo,2021,censo_escolar,Matrícula,Total,Educação Infantil,5110.0
2706703,Penedo,2021,censo_escolar,Escolas,Total,Educação Infantil,50.0
2706703,Penedo,2021,censo_escolar,Matrícula,Estadual,Ensino Fundamental,1610.0
2706703,Penedo,2021,censo_escolar,Escolas,Estadual,Ensino Fundamental,15.0
2706703,Penedo,2021,censo_escolar,Matrícula,Municipal,Ensino Fundamental,2000.0
2706703,Penedo,2021,censo_escolar,Escolas,Municipal,Ensino Fundamental,20.0
2706703,Penedo,2021,censo_escolar,Matrícula,Federal,Ensino Fundamental,0.0
2706703,Penedo,2021,censo_escolar,Escolas,Federal,Ensino Fundamental,0.0
2706703,Penedo,2021,censo_escolar,Matrícula,Privada,Ensino Fundamental,1500.0
2706703,Penedo,2021,censo_escolar,Escolas,Privada,Ensino Fundamental,15.0
2706703,Penedo,2021,censo_escolar,Matrícula,Pública,Ensino Fundamental,3610.0
2706703,Penedo,2021,censo_escolar,Escolas,Pública,Ensino Fundamental,35.0
2706703,Penedo,2021,censo_escolar,Matrícula,Total,Ensino Fundamental,5110.0
2706703,Penedo,2021,censo_escolar,Escolas,Total,Ensino Fundamental,50.0
2706703,Penedo,2021,censo_escolar,Matrícula,Estadual,Ensino Médio,1610.0
2706703,Penedo,2021,censo_escolar,Escolas,Estadual,Ensino Médio,15.0
2706703,Penedo,2021,censo_escolar,Matrícula,Municipal,Ensino Médio,2000.0
2706703,Penedo,2021,censo_escolar,Escolas,Municipal,Ensino Médio,20.0
2706703,Penedo,2021,censo_escolar,Matrícula,Federal,Ensino Médio,0.0
2706703,Penedo,2021,censo_escolar,Escolas,Federal,Ensino Médio,0.0
2706703,Penedo,2021,censo_escolar,Matrícula,Privada,Ensino Médio,1500.0
2706703,Penedo,2021,censo_escolar,Escolas,Privada,Ensino Médio,15.0
2706703,Penedo,2021,censo_escolar,Matrícula,Pública,Ensino Médio,3610.0
2706703,Penedo,2021,censo_escolar,Escolas,Pública,Ensino Médio,35.0
2706703,Penedo,2021,censo_escolar,Matrícula,Total,Ensino Médio,5110.0
2706703,Penedo,2021,censo_escolar,Escolas,Total,Ensino Médio,50.0
2706703,Penedo,2021,censo_escolar,Matrícula,Estadual,Educação de Jovens e Adultos (EJA),1610.0
2706703,Penedo,2021,censo_escolar,Escolas,Estadual,Educação de Jovens e Adultos (EJA),15.0
2706703,Penedo,2021,censo_escolar,Matrícula,Municipal,Educação de Jovens e Adultos (EJA),2000.0
2706703,Penedo,2021,censo_escolar,Escolas,Municipal,Educação de Jovens e Adultos (EJA),20.0
2706703,Penedo,2021,censo_escolar,Matrícula,Federal,Educação de Jovens e Adultos (EJA),0.0
2706703,Penedo,2021,censo_escolar,Escolas,Federal,Educação de Jovens e Adultos (EJA),0.0
2706703,Penedo,2021,censo_escolar,Matrícula,Privada,Educação de Jovens e Adultos (EJA),1500.0
2706703,Penedo,2021,censo_escolar,Escolas,Privada,Educação de Jovens e Adultos (EJA),15.0
2706703,Penedo,2021,censo_escolar,Matrícula,Pública,Educação de Jovens e Adultos (EJA),3610.0
2706703,Penedo,2021,censo_escolar,Escolas,Pública,Educação de Jovens e Adultos (EJA),35.0
2706703,Penedo,2021,censo_escolar,Matrícula,Total,Educação de Jovens e Adultos (EJA),5110.0
2706703,Penedo,2021,censo_escolar,Escolas,Total,Educação de Jovens e Adultos (EJA),50.0
2706703,Penedo,2021,censo_escolar,Matrícula,Estadual,Educação Profissional,1610.0
2706703,Penedo,2021,censo_escolar,Escolas,Estadual,Educação Profissional,15.0
2706703,Penedo,2021,censo_escolar,Matrícula,Municipal,Educação Profissional,2000.0
2706703,Penedo,2021,censo_escolar,Escolas,Municipal,Educação Profissional,20.0
2706703,Penedo,2021,censo_escolar,Matrícula,Federal,Educação Profissional,0.0
2706703,Penedo,2021,censo_escolar,Escolas,Federal,Educação Profissional,0.0
2706703,Penedo,2021,censo_escolar,Matrícula,Privada,Educação Profissional,1500.0
2706703,Penedo,2021,censo_escolar,Escolas,Privada,Educação Profissional,15.0
2706703,Penedo,2021,censo_escolar,Matrícula,Pública,Educação Profissional,3610.0
2706703,Penedo,2021,censo_escolar,Escolas,Pública,Educação Profissional,35.0
2706703,Penedo,2021,censo_escolar,Matrícula,Total,Educação Profissional,5110.0
2706703,Penedo,2021,censo_escolar,Escolas,Total,Educação Profissional,50.0
2706703,Penedo,2021,indicadores_rendimento,Taxa de Aprovação,Estadual,Ensino Fundamental,95.00
2706703,Penedo,2021,indicadores_rendimento,Taxa de Reprovação,Estadual,Ensino Fundamental,3.50
2706703,Penedo,2021,indicadores_rendimento,Taxa de Abandono,Estadual,Ensino Fundamental,1.50
2706703,Penedo,2021,indicadores_rendimento,Taxa de Aprovação,Municipal,Ensino Fundamental,95.00
2706703,Penedo,2021,indicadores_rendimento,Taxa de Reprovação,Municipal,Ensino Fundamental,3.50
2706703,Penedo,2021,indicadores_rendimento,Taxa de Abandono,Municipal,Ensino Fundamental,1.50
2706703,Penedo,2021,indicadores_rendimento,Taxa de Aprovação,Federal,Ensino Fundamental,95.00
2706703,Penedo,2021,indicadores_rendimento,Taxa de Reprovação,Federal,Ensino Fundamental,3.50
2706703,Penedo,2021,indicadores_rendimento,Taxa de Abandono,Federal,Ensino Fundamental,1.50
2706703,Penedo,2021,indicadores_rendimento,Taxa de Aprovação,Privada,Ensino Fundamental,95.00
2706703,Penedo,2021,indicadores_rendimento,Taxa de Reprovação,Privada,Ensino Fundamental,3.50
2706703,Penedo,2021,indicadores_rendimento,Taxa de Abandono,Privada,Ensino Fundamental,1.50
2706703,Penedo,2021,indicadores_rendimento,Taxa de Aprovação,Pública,Ensino Fundamental,95.00
2706703,Penedo,2021,indicadores_rendimento,Taxa de Reprovação,Pública,Ensino Fundamental,3.50
2706703,Penedo,2021,indicadores_rendimento,Taxa de Abandono,Pública,Ensino Fundamental,1.50
2706703,Penedo,2021,indicadores_rendimento,Taxa de Aprovação,Total,Ensino Fundamental,95.00
2706703,Penedo,2021,indicadores_rendimento,Taxa de Reprovação,Total,Ensino Fundamental,3.50
2706703,Penedo,2021,indicadores_rendimento,Taxa de Abandono,Total,Ensino Fundamental,1.50
2706703,Penedo,2021,indicadores_rendimento,Taxa de Aprovação,Estadual,Ensino Médio,95.00
2706703,Penedo,2021,indicadores_rendimento,Taxa de Reprovação,Estadual,Ensino Médio,3.50
2706703,Penedo,2021,indicadores_rendimento,Taxa de Abandono,Estadual,Ensino Médio,1.50
2706703,Penedo,2021,indicadores_rendimento,Taxa de Aprovação,Municipal,Ensino Médio,95.00
2706703,Penedo,2021,indicadores_rendimento,Taxa de Reprovação,Municipal,Ensino Médio,3.50
2706703,Penedo,2021,indicadores_rendimento,Taxa de Abandono,Municipal,Ensino Médio,1.50
2706703,Penedo,2021,indicadores_rendimento,Taxa de Aprovação,Federal,Ensino Médio,95.00
2706703,Penedo,2021,indicadores_rendimento,Taxa de Reprovação,Federal,Ensino Médio,3.50
2706703,Penedo,2021,indicadores_rendimento,Taxa de Abandono,Federal,Ensino Médio,1.50
2706703,Penedo,2021,indicadores_rendimento,Taxa de Aprovação,Privada,Ensino Médio,95.00
2706703,Penedo,2021,indicadores_rendimento,Taxa de Reprovação,Privada,Ensino Médio,3.50
2706703,Penedo,2021,indicadores_rendimento,Taxa de Abandono,Privada,Ensino Médio,1.50
2706703,Penedo,2021,indicadores_rendimento,Taxa de Aprovação,Pública,Ensino Médio,95.00
2706703,Penedo,2021,indicadores_rendimento,Taxa de Reprovação,Pública,Ensino Médio,3.50
2706703,Penedo,2021,indicadores_rendimento,Taxa de Abandono,Pública,Ensino Médio,1.50
2706703,Penedo,2021,indicadores_rendimento,Taxa de Aprovação,Total,Ensino Médio,95.00
2706703,Penedo,2021,indicadores_rendimento,Taxa de Reprovação,Total,Ensino Médio,3.50
2706703,Penedo,2021,indicadores_rendimento,Taxa de Abandono,Total,Ensino Médio,1.50
2706703,Penedo,2022,censo_escolar,Matrícula,Estadual,Educação Infantil,1620.0
2706703,Penedo,2022,censo_escolar,Escolas,Estadual,Educação Infantil,15.0
2706703,Penedo,2022,censo_escolar,Matrícula,Municipal,Educação Infantil,2000.0
2706703,Penedo,2022,censo_escolar,Escolas,Municipal,Educação Infantil,20.0
2706703,Penedo,2022,censo_escolar,Matrícula,Federal,Educação Infantil,0.0
2706703,Penedo,2022,censo_escolar,Escolas,Federal,Educação Infantil,0.0
2706703,Penedo,2022,censo_escolar,Matrícula,Privada,Educação Infantil,1500.0
2706703,Penedo,2022,censo_escolar,Escolas,Privada,Educação Infantil,15.0
2706703,Penedo,2022,censo_escolar,Matrícula,Pública,Educação Infantil,3620.0
2706703,Penedo,2022,censo_escolar,Escolas,Pública,Educação Infantil,35.0
2706703,Penedo,2022,censo_escolar,Matrícula,Total,Educação Infantil,5120.0
2706703,Penedo,2022,censo_escolar,Escolas,Total,Educação Infantil,50.0
2706703,Penedo,2022,censo_escolar,Matrícula,Estadual,Ensino Fundamental,1620.0
2706703,Penedo,2022,censo_escolar,Escolas,Estadual,Ensino Fundamental,15.0
2706703,Penedo,2022,censo_escolar,Matrícula,Municipal,Ensino Fundamental,2000.0
2706703,Penedo,2022,censo_escolar,Escolas,Municipal,Ensino Fundamental,20.0
2706703,Penedo,2022,censo_escolar,Matrícula,Federal,Ensino Fundamental,0.0
2706703,Penedo,2022,censo_escolar,Escolas,Federal,Ensino Fundamental,0.0
2706703,Penedo,2022,censo_escolar,Matrícula,Privada,Ensino Fundamental,1500.0
2706703,Penedo,2022,censo_escolar,Escolas,Privada,Ensino Fundamental,15.0
2706703,Penedo,2022,censo_escolar,Matrícula,Pública,Ensino Fundamental,3620.0
2706703,Penedo,2022,censo_escolar,Escolas,Pública,Ensino Fundamental,35.0
2706703,Penedo,2022,censo_escolar,Matrícula,Total,Ensino Fundamental,5120.0
2706703,Penedo,2022,censo_escolar,Escolas,Total,Ensino Fundamental,50.0
2706703,Penedo,2022,censo_escolar,Matrícula,Estadual,Ensino Médio,1620.0
2706703,Penedo,2022,censo_escolar,Escolas,Estadual,Ensino Médio,15.0
2706703,Penedo,2022,censo_escolar,Matrícula,Municipal,Ensino Médio,2000.0
2706703,Penedo,2022,censo_escolar,Escolas,Municipal,Ensino Médio,20.0
2706703,Penedo,2022,censo_escolar,Matrícula,Federal,Ensino Médio,0.0
2706703,Penedo,2022,censo_escolar,Escolas,Federal,Ensino Médio,0.0
2706703,Penedo,2022,censo_escolar,Matrícula,Privada,Ensino Médio,1500.0
2706703,Penedo,2022,censo_escolar,Escolas,Privada,Ensino Médio,15.0
2706703,Penedo,2022,censo_escolar,Matrícula,Pública,Ensino Médio,3620.0
2706703,Penedo,2022,censo_escolar,Escolas,Pública,Ensino Médio,35.0
2706703,Penedo,2022,censo_escolar,Matrícula,Total,Ensino Médio,5120.0
2706703,Penedo,2022,censo_escolar,Escolas,Total,Ensino Médio,50.0
2706703,Penedo,2022,censo_escolar,Matrícula,Estadual,Educação de Jovens e Adultos (EJA),1620.0
2706703,Penedo,2022,censo_escolar,Escolas,Estadual,Educação de Jovens e Adultos (EJA),15.0
2706703,Penedo,2022,censo_escolar,Matrícula,Municipal,Educação de Jovens e Adultos (EJA),2000.0
2706703,Penedo,2022,censo_escolar,Escolas,Municipal,Educação de Jovens e Adultos (EJA),20.0
2706703,Penedo,2022,censo_escolar,Matrícula,Federal,Educação de Jovens e Adultos (EJA),0.0
2706703,Penedo,2022,censo_escolar,Escolas,Federal,Educação de Jovens e Adultos (EJA),0.0
2706703,Penedo,2022,censo_escolar,Matrícula,Privada,Educação de Jovens e Adultos (EJA),1500.0
2706703,Penedo,2022,censo_escolar,Escolas,Privada,Educação de Jovens e Adultos (EJA),15.0
2706703,Penedo,2022,censo_escolar,Matrícula,Pública,Educação de Jovens e Adultos (EJA),3620.0
2706703,Penedo,2022,censo_escolar,Escolas,Pública,Educação de Jovens e Adultos (EJA),35.0
2706703,Penedo,2022,censo_escolar,Matrícula,Total,Educação de Jovens e Adultos (EJA),5120.0
2706703,Penedo,2022,censo_escolar,Escolas,Total,Educação de Jovens e Adultos (EJA),50.0
2706703,Penedo,2022,censo_escolar,Matrícula,Estadual,Educação Profissional,1620.0
2706703,Penedo,2022,censo_escolar,Escolas,Estadual,Educação Profissional,15.0
2706703,Penedo,2022,censo_escolar,Matrícula,Municipal,Educação Profissional,2000.0
2706703,Penedo,2022,censo_escolar,Escolas,Municipal,Educação Profissional,20.0
2706703,Penedo,2022,censo_escolar,Matrícula,Federal,Educação Profissional,0.0
2706703,Penedo,2022,censo_escolar,Escolas,Federal,Educação Profissional,0.0
2706703,Penedo,2022,censo_escolar,Matrícula,Privada,Educação Profissional,1500.0
2706703,Penedo,2022,censo_escolar,Escolas,Privada,Educação Profissional,15.0
2706703,Penedo,2022,censo_escolar,Matrícula,Pública,Educação Profissional,3620.0
2706703,Penedo,2022,censo_escolar,Escolas,Pública,Educação Profissional,35.0
2706703,Penedo,2022,censo_escolar,Matrícula,Total,Educação Profissional,5120.0
2706703,Penedo,2022,censo_escolar,Escolas,Total,Educação Profissional,50.0
2706703,Penedo,2022,indicadores_rendimento,Taxa de Aprovação,Estadual,Ensino Fundamental,95.00
2706703,Penedo,2022,indicadores_rendimento,Taxa de Reprovação,Estadual,Ensino Fundamental,3.50
2706703,Penedo,2022,indicadores_rendimento,Taxa de Abandono,Estadual,Ensino Fundamental,1.50
2706703,Penedo,2022,indicadores_rendimento,Taxa de Aprovação,Municipal,Ensino Fundamental,95.00
2706703,Penedo,2022,indicadores_rendimento,Taxa de Reprovação,Municipal,Ensino Fundamental,3.50
2706703,Penedo,2022,indicadores_rendimento,Taxa de Abandono,Municipal,Ensino Fundamental,1.50
2706703,Penedo,2022,indicadores_rendimento,Taxa de Aprovação,Federal,Ensino Fundamental,95.00
2706703,Penedo,2022,indicadores_rendimento,Taxa de Reprovação,Federal,Ensino Fundamental,3.50
2706703,Penedo,2022,indicadores_rendimento,Taxa de Abandono,Federal,Ensino Fundamental,1.50
2706703,Penedo,2022,indicadores_rendimento,Taxa de Aprovação,Privada,Ensino Fundamental,95.00
2706703,Penedo,2022,indicadores_rendimento,Taxa de Reprovação,Privada,Ensino Fundamental,3.50
2706703,Penedo,2022,indicadores_rendimento,Taxa de Abandono,Privada,Ensino Fundamental,1.50
2706703,Penedo,2022,indicadores_rendimento,Taxa de Aprovação,Pública,Ensino Fundamental,95.00
2706703,Penedo,2022,indicadores_rendimento,Taxa de Reprovação,Pública,Ensino Fundamental,3.50
2706703,Penedo,2022,indicadores_rendimento,Taxa de Abandono,Pública,Ensino Fundamental,1.50
2706703,Penedo,2022,indicadores_rendimento,Taxa de Aprovação,Total,Ensino Fundamental,95.00
2706703,Penedo,2022,indicadores_rendimento,Taxa de Reprovação,Total,Ensino Fundamental,3.50
2706703,Penedo,2022,indicadores_rendimento,Taxa de Abandono,Total,Ensino Fundamental,1.50
2706703,Penedo,2022,indicadores_rendimento,Taxa de Aprovação,Estadual,Ensino Médio,95.00
2706703,Penedo,2022,indicadores_rendimento,Taxa de Reprovação,Estadual,Ensino Médio,3.50
2706703,Penedo,2022,indicadores_rendimento,Taxa de Abandono,Estadual,Ensino Médio,1.50
2706703,Penedo,2022,indicadores_rendimento,Taxa de Aprovação,Municipal,Ensino Médio,95.00
2706703,Penedo,2022,indicadores_rendimento,Taxa de Reprovação,Municipal,Ensino Médio,3.50
2706703,Penedo,2022,indicadores_rendimento,Taxa de Abandono,Municipal,Ensino Médio,1.50
2706703,Penedo,2022,indicadores_rendimento,Taxa de Aprovação,Federal,Ensino Médio,95.00
2706703,Penedo,2022,indicadores_rendimento,Taxa de Reprovação,Federal,Ensino Médio,3.50
2706703,Penedo,2022,indicadores_rendimento,Taxa de Abandono,Federal,Ensino Médio,1.50
2706703,Penedo,2022,indicadores_rendimento,Taxa de Aprovação,Privada,Ensino Médio,95.00
2706703,Penedo,2022,indicadores_rendimento,Taxa de Reprovação,Privada,Ensino Médio,3.50
2706703,Penedo,2022,indicadores_rendimento,Taxa de Abandono,Privada,Ensino Médio,1.50
2706703,Penedo,2022,indicadores_rendimento,Taxa de Aprovação,Pública,Ensino Médio,95.00
2706703,Penedo,2022,indicadores_rendimento,Taxa de Reprovação,Pública,Ensino Médio,3.50
2706703,Penedo,2022,indicadores_rendimento,Taxa de Abandono,Pública,Ensino Médio,1.50
2706703,Penedo,2022,indicadores_rendimento,Taxa de Aprovação,Total,Ensino Médio,95.00
2706703,Penedo,2022,indicadores_rendimento,Taxa de Reprovação,Total,Ensino Médio,3.50
2706703,Penedo,2022,indicadores_rendimento,Taxa de Abandono,Total,Ensino Médio,1.50
2706703,Penedo,2022,censo_demografico,Pessoas Alfabetizadas,Não se aplica,Pessoas de 15 anos ou mais de idade,85000.0
2706703,Penedo,2022,censo_demografico,Pessoas Total,Não se aplica,Pessoas de 15 anos ou mais de idade,100000.0
2706703,Penedo,2022,censo_demografico,Taxa de Alfabetização,Não se aplica,Pessoas de 15 anos ou mais de idade,85.00
2706703,Penedo,2022,censo_demografico,Taxa de Analfabetismo,Não se aplica,Pessoas de 15 anos ou mais de idade,15.00
2706703,Penedo,2023,censo_escolar,Matrícula,Estadual,Educação Infantil,660.0
2706703,Penedo,2023,censo_escolar,Escolas,Estadual,Educação Infantil,15.0
2706703,Penedo,2023,censo_escolar,Matrícula,Municipal,Educação Infantil,770.0
2706703,Penedo,2023,censo_escolar,Escolas,Municipal,Educação Infantil,20.0
2706703,Penedo,2023,censo_escolar,Matrícula,Federal,Educação Infantil,0.0
2706703,Penedo,2023,censo_escolar,Escolas,Federal,Educação Infantil,0.0
2706703,Penedo,2023,censo_escolar,Matrícula,Privada,Educação Infantil,770.0
2706703,Penedo,2023,censo_escolar,Escolas,Privada,Educação Infantil,15.0
2706703,Penedo,2023,censo_escolar,Matrícula,Pública,Educação Infantil,1430.0
2706703,Penedo,2023,censo_escolar,Escolas,Pública,Educação Infantil,35.0
2706703,Penedo,2023,censo_escolar,Escolas,Total,Educação Infantil,50.0
2706703,Penedo,2023,censo_escolar,Matrícula,Estadual,Ensino Fundamental,3000.0
2706703,Penedo,2023,censo_escolar,Escolas,Estadual,Ensino Fundamental,15.0
2706703,Penedo,2023,censo_escolar,Matrícula,Municipal,Ensino Fundamental,3500.0
2706703,Penedo,2023,censo_escolar,Escolas,Municipal,Ensino Fundamental,20.0
2706703,Penedo,2023,censo_escolar,Matrícula,Federal,Ensino Fundamental,0.0
2706703,Penedo,2023,censo_escolar,Escolas,Federal,Ensino Fundamental,0.0
2706703,Penedo,2023,censo_escolar,Matrícula,Privada,Ensino Fundamental,3500.0
2706703,Penedo,2023,censo_escolar,Escolas,Privada,Ensino Fundamental,15.0
2706703,Penedo,2023,censo_escolar,Matrícula,Pública,Ensino Fundamental,6500.0
2706703,Penedo,2023,censo_escolar,Escolas,Pública,Ensino Fundamental,35.0
2706703,Penedo,2023,censo_escolar,Escolas,Total,Ensino Fundamental,50.0
2706703,Penedo,2023,censo_escolar,Matrícula,Estadual,Ensino Médio,1050.0
2706703,Penedo,2023,censo_escolar,Escolas,Estadual,Ensino Médio,15.0
2706703,Penedo,2023,censo_escolar,Matrícula,Municipal,Ensino Médio,1225.0
2706703,Penedo,2023,censo_escolar,Escolas,Municipal,Ensino Médio,20.0
2706703,Penedo,2023,censo_escolar,Matrícula,Federal,Ensino Médio,0.0
2706703,Penedo,2023,censo_escolar,Escolas,Federal,Ensino Médio,0.0
2706703,Penedo,2023,censo_escolar,Matrícula,Privada,Ensino Médio,1225.0
2706703,Penedo,2023,censo_escolar,Escolas,Privada,Ensino Médio,15.0
2706703,Penedo,2023,censo_escolar,Matrícula,Pública,Ensino Médio,2275.0
2706703,Penedo,2023,censo_escolar,Escolas,Pública,Ensino Médio,35.0
2706703,Penedo,2023,censo_escolar,Escolas,Total,Ensino Médio,50.0
2706703,Penedo,2023,censo_escolar,Matrícula,Estadual,Educação de Jovens e Adultos (EJA),210.0
2706703,Penedo,2023,censo_escolar,Escolas,Estadual,Educação de Jovens e Adultos (EJA),15.0
2706703,Penedo,2023,censo_escolar,Matrícula,Municipal,Educação de Jovens e Adultos (EJA),245.0
2706703,Penedo,2023,censo_escolar,Escolas,Municipal,Educação de Jovens e Adultos (EJA),20.0
2706703,Penedo,2023,censo_escolar,Matrícula,Federal,Educação de Jovens e Adultos (EJA),0.0
2706703,Penedo,2023,censo_escolar,Escolas,Federal,Educação de Jovens e Adultos (EJA),0.0
2706703,Penedo,2023,censo_escolar,Matrícula,Privada,Educação de Jovens e Adultos (EJA),245.0
2706703,Penedo,2023,censo_escolar,Escolas,Privada,Educação de Jovens e Adultos (EJA),15.0
2706703,Penedo,2023,censo_escolar,Matrícula,Pública,Educação de Jovens e Adultos (EJA),455.0
2706703,Penedo,2023,censo_escolar,Escolas,Pública,Educação de Jovens e Adultos (EJA),35.0
2706703,Penedo,2023,censo_escolar,Escolas,Total,Educação de Jovens e Adultos (EJA),50.0
2706703,Penedo,2023,censo_escolar,Matrícula,Estadual,Educação Profissional,120.0
2706703,Penedo,2023,censo_escolar,Escolas,Estadual,Educação Profissional,15.0
2706703,Penedo,2023,censo_escolar,Matrícula,Municipal,Educação Profissional,140.0
2706703,Penedo,2023,censo_escolar,Escolas,Municipal,Educação Profissional,20.0
2706703,Penedo,2023,censo_escolar,Matrícula,Federal,Educação Profissional,0.0
2706703,Penedo,2023,censo_escolar,Escolas,Federal,Educação Profissional,0.0
2706703,Penedo,2023,censo_escolar,Matrícula,Privada,Educação Profissional,140.0
2706703,Penedo,2023,censo_escolar,Escolas,Privada,Educação Profissional,15.0
2706703,Penedo,2023,censo_escolar,Matrícula,Pública,Educação Profissional,260.0
2706703,Penedo,2023,censo_escolar,Escolas,Pública,Educação Profissional,35.0
2706703,Penedo,2023,censo_escolar,Escolas,Total,Educação Profissional,50.0
2706703,Penedo,2023,indicadores_rendimento,Taxa de Aprovação,Estadual,Ensino Fundamental,95.00
2706703,Penedo,2023,indicadores_rendimento,Taxa de Reprovação,Estadual,Ensino Fundamental,3.50
2706703,Penedo,2023,indicadores_rendimento,Taxa de Abandono,Estadual,Ensino Fundamental,1.50
2706703,Penedo,2023,indicadores_rendimento,Taxa de Aprovação,Municipal,Ensino Fundamental,95.00
2706703,Penedo,2023,indicadores_rendimento,Taxa de Reprovação,Municipal,Ensino Fundamental,3.50
2706703,Penedo,2023,indicadores_rendimento,Taxa de Abandono,Municipal,Ensino Fundamental,1.50
2706703,Penedo,2023,indicadores_rendimento,Taxa de Aprovação,Federal,Ensino Fundamental,95.00
2706703,Penedo,2023,indicadores_rendimento,Taxa de Reprovação,Federal,Ensino Fundamental,3.50
2706703,Penedo,2023,indicadores_rendimento,Taxa de Abandono,Federal,Ensino Fundamental,1.50
2706703,Penedo,2023,indicadores_rendimento,Taxa de Aprovação,Privada,Ensino Fundamental,95.00
2706703,Penedo,2023,indicadores_rendimento,Taxa de Reprovação,Privada,Ensino Fundamental,3.50
2706703,Penedo,2023,indicadores_rendimento,Taxa de Abandono,Privada,Ensino Fundamental,1.50
2706703,Penedo,2023,indicadores_rendimento,Taxa de Aprovação,Pública,Ensino Fundamental,95.00
2706703,Penedo,2023,indicadores_rendimento,Taxa de Reprovação,Pública,Ensino Fundamental,3.50
2706703,Penedo,2023,indicadores_rendimento,Taxa de Abandono,Pública,Ensino Fundamental,1.50
2706703,Penedo,2023,indicadores_rendimento,Taxa de Reprovação,Total,Ensino Fundamental,2.80
2706703,Penedo,2023,indicadores_rendimento,Taxa de Abandono,Total,Ensino Fundamental,1.20
2706703,Penedo,2023,indicadores_rendimento,Taxa de Aprovação,Estadual,Ensino Médio,95.00
2706703,Penedo,2023,indicadores_rendimento,Taxa de Reprovação,Estadual,Ensino Médio,3.50
2706703,Penedo,2023,indicadores_rendimento,Taxa de Abandono,Estadual,Ensino Médio,1.50
2706703,Penedo,2023,indicadores_rendimento,Taxa de Aprovação,Municipal,Ensino Médio,95.00
2706703,Penedo,2023,indicadores_rendimento,Taxa de Reprovação,Municipal,Ensino Médio,3.50
2706703,Penedo,2023,indicadores_rendimento,Taxa de Abandono,Municipal,Ensino Médio,1.50
2706703,Penedo,2023,indicadores_rendimento,Taxa de Aprovação,Federal,Ensino Médio,95.00
2706703,Penedo,2023,indicadores_rendimento,Taxa de Reprovação,Federal,Ensino Médio,3.50
2706703,Penedo,2023,indicadores_rendimento,Taxa de Abandono,Federal,Ensino Médio,1.50
2706703,Penedo,2023,indicadores_rendimento,Taxa de Aprovação,Privada,Ensino Médio,95.00
2706703,Penedo,2023,indicadores_rendimento,Taxa de Reprovação,Privada,Ensino Médio,3.50
2706703,Penedo,2023,indicadores_rendimento,Taxa de Abandono,Privada,Ensino Médio,1.50
2706703,Penedo,2023,indicadores_rendimento,Taxa de Aprovação,Pública,Ensino Médio,95.00
2706703,Penedo,2023,indicadores_rendimento,Taxa de Reprovação,Pública,Ensino Médio,3.50
2706703,Penedo,2023,indicadores_rendimento,Taxa de Abandono,Pública,Ensino Médio,1.50
2706703,Penedo,2023,indicadores_rendimento,Taxa de Aprovação,Total,Ensino Médio,95.00
2706703,Penedo,2023,indicadores_rendimento,Taxa de Reprovação,Total,Ensino Médio,3.50
2706703,Penedo,2023,indicadores_rendimento,Taxa de Abandono,Total,Ensino Médio,1.50
2709301,União dos Palmares,2010,censo_escolar,Matrícula,Estadual,Educação Infantil,1500.0
2709301,União dos Palmares,2010,censo_escolar,Escolas,Estadual,Educação Infantil,15.0
2709301,União dos Palmares,2010,censo_escolar,Matrícula,Municipal,Educação Infantil,2000.0
2709301,União dos Palmares,2010,censo_escolar,Escolas,Municipal,Educação Infantil,20.0
2709301,União dos Palmares,2010,censo_escolar,Matrícula,Federal,Educação Infantil,0.0
2709301,União dos Palmares,2010,censo_escolar,Escolas,Federal,Educação Infantil,0.0
2709301,União dos Palmares,2010,censo_escolar,Matrícula,Privada,Educação Infantil,1500.0
2709301,União dos Palmares,2010,censo_escolar,Escolas,Privada,Educação Infantil,15.0
2709301,União dos Palmares,2010,censo_escolar,Matrícula,Pública,Educação Infantil,3500.0
2709301,União dos Palmares,2010,censo_escolar,Escolas,Pública,Educação Infantil,35.0
2709301,União dos Palmares,2010,censo_escolar,Matrícula,Total,Educação Infantil,5000.0
2709301,União dos Palmares,2010,censo_escolar,Escolas,Total,Educação Infantil,50.0
2709301,União dos Palmares,2010,censo_escolar,Matrícula,Estadual,Ensino Fundamental,1500.0
2709301,União dos Palmares,2010,censo_escolar,Escolas,Estadual,Ensino Fundamental,15.0
2709301,União dos Palmares,2010,censo_escolar,Matrícula,Municipal,Ensino Fundamental,2000.0
2709301,União dos Palmares,2010,censo_escolar,Escolas,Municipal,Ensino Fundamental,20.0
2709301,União dos Palmares,2010,censo_escolar,Matrícula,Federal,Ensino Fundamental,0.0
2709301,União dos Palmares,2010,censo_escolar,Escolas,Federal,Ensino Fundamental,0.0
2709301,União dos Palmares,2010,censo_escolar,Matrícula,Privada,Ensino Fundamental,1500.0
2709301,União dos Palmares,2010,censo_escolar,Escolas,Privada,Ensino Fundamental,15.0
2709301,União dos Palmares,2010,censo_escolar,Matrícula,Pública,Ensino Fundamental,3500.0
2709301,União dos Palmares,2010,censo_escolar,Escolas,Pública,Ensino Fundamental,35.0
2709301,União dos Palmares,2010,censo_escolar,Matrícula,Total,Ensino Fundamental,5000.0
2709301,União dos Palmares,2010,censo_escolar,Escolas,Total,Ensino Fundamental,50.0
2709301,União dos Palmares,2010,censo_escolar,Matrícula,Estadual,Ensino Médio,1500.0
2709301,União dos Palmares,2010,censo_escolar,Escolas,Estadual,Ensino Médio,15.0
2709301,União dos Palmares,2010,censo_escolar,Matrícula,Municipal,Ensino Médio,2000.0
2709301,União dos Palmares,2010,censo_escolar,Escolas,Municipal,Ensino Médio,20.0
2709301,União dos Palmares,2010,censo_escolar,Matrícula,Federal,Ensino Médio,0.0
2709301,União dos Palmares,2010,censo_escolar,Escolas,Federal,Ensino Médio,0.0
2709301,União dos Palmares,2010,censo_escolar,Matrícula,Privada,Ensino Médio,1500.0
2709301,União dos Palmares,2010,censo_escolar,Escolas,Privada,Ensino Médio,15.0
2709301,União dos Palmares,2010,censo_escolar,Matrícula,Pública,Ensino Médio,3500.0
2709301,União dos Palmares,2010,censo_escolar,Escolas,Pública,Ensino Médio,35.0
2709301,União dos Palmares,2010,censo_escolar,Matrícula,Total,Ensino Médio,5000.0
2709301,União dos Palmares,2010,censo_escolar,Escolas,Total,Ensino Médio,50.0
2709301,União dos Palmares,2010,censo_escolar,Matrícula,Estadual,Educação de Jovens e Adultos (EJA),1500.0
2709301,União dos Palmares,2010,censo_escolar,Escolas,Estadual,Educação de Jovens e Adultos (EJA),15.0
2709301,União dos Palmares,2010,censo_escolar,Matrícula,Municipal,Educação de Jovens e Adultos (EJA),2000.0
2709301,União dos Palmares,2010,censo_escolar,Escolas,Municipal,Educação de Jovens e Adultos (EJA),20.0
2709301,União dos Palmares,2010,censo_escolar,Matrícula,Federal,Educação de Jovens e Adultos (EJA),0.0
2709301,União dos Palmares,2010,censo_escolar,Escolas,Federal,Educação de Jovens e Adultos (EJA),0.0
2709301,União dos Palmares,2010,censo_escolar,Matrícula,Privada,Educação de Jovens e Adultos (EJA),1500.0
2709301,União dos Palmares,2010,censo_escolar,Escolas,Privada,Educação de Jovens e Adultos (EJA),15.0
2709301,União dos Palmares,2010,censo_escolar,Matrícula,Pública,Educação de Jovens e Adultos (EJA),3500.0
2709301,União dos Palmares,2010,censo_escolar,Escolas,Pública,Educação de Jovens e Adultos (EJA),35.0
2709301,União dos Palmares,2010,censo_escolar,Matrícula,Total,Educação de Jovens e Adultos (EJA),5000.0
2709301,União dos Palmares,2010,censo_escolar,Escolas,Total,Educação de Jovens e Adultos (EJA),50.0
2709301,União dos Palmares,2010,censo_escolar,Matrícula,Estadual,Educação Profissional,1500.0
2709301,União dos Palmares,2010,censo_escolar,Escolas,Estadual,Educação Profissional,15.0
2709301,União dos Palmares,2010,censo_escolar,Matrícula,Municipal,Educação Profissional,2000.0
2709301,União dos Palmares,2010,censo_escolar,Escolas,Municipal,Educação Profissional,20.0
2709301,União dos Palmares,2010,censo_escolar,Matrícula,Federal,Educação Profissional,0.0
2709301,União dos Palmares,2010,censo_escolar,Escolas,Federal,Educação Profissional,0.0
2709301,União dos Palmares,2010,censo_escolar,Matrícula,Privada,Educação Profissional,1500.0
2709301,União dos Palmares,2010,censo_escolar,Escolas,Privada,Educação Profissional,15.0
2709301,União dos Palmares,2010,censo_escolar,Matrícula,Pública,Educação Profissional,3500.0
2709301,União dos Palmares,2010,censo_escolar,Escolas,Pública,Educação Profissional,35.0
2709301,União dos Palmares,2010,censo_escolar,Matrícula,Total,Educação Profissional,5000.0
2709301,União dos Palmares,2010,censo_escolar,Escolas,Total,Educação Profissional,50.0
2709301,União dos Palmares,2010,indicadores_rendimento,Taxa de Aprovação,Estadual,Ensino Fundamental,95.00
2709301,União dos Palmares,2010,indicadores_rendimento,Taxa de Reprovação,Estadual,Ensino Fundamental,3.50
2709301,União dos Palmares,2010,indicadores_rendimento,Taxa de Abandono,Estadual,Ensino Fundamental,1.50
2709301,União dos Palmares,2010,indicadores_rendimento,Taxa de Aprovação,Municipal,Ensino Fundamental,95.00
2709301,União dos Palmares,2010,indicadores_rendimento,Taxa de Reprovação,Municipal,Ensino Fundamental,3.50
2709301,União dos Palmares,2010,indicadores_rendimento,Taxa de Abandono,Municipal,Ensino Fundamental,1.50
2709301,União dos Palmares,2010,indicadores_rendimento,Taxa de Aprovação,Federal,Ensino Fundamental,95.00
2709301,União dos Palmares,2010,indicadores_rendimento,Taxa de Reprovação,Federal,Ensino Fundamental,3.50
2709301,União dos Palmares,2010,indicadores_rendimento,Taxa de Abandono,Federal,Ensino Fundamental,1.50
2709301,União dos Palmares,2010,indicadores_rendimento,Taxa de Aprovação,Privada,Ensino Fundamental,95.00
2709301,União dos Palmares,2010,indicadores_rendimento,Taxa de Reprovação,Privada,Ensino Fundamental,3.50
2709301,União dos Palmares,2010,indicadores_rendimento,Taxa de Abandono,Privada,Ensino Fundamental,1.50
2709301,União dos Palmares,2010,indicadores_rendimento,Taxa de Aprovação,Pública,Ensino Fundamental,95.00
2709301,União dos Palmares,2010,indicadores_rendimento,Taxa de Reprovação,Pública,Ensino Fundamental,3.50
2709301,União dos Palmares,2010,indicadores_rendimento,Taxa de Abandono,Pública,Ensino Fundamental,1.50
2709301,União dos Palmares,2010,indicadores_rendimento,Taxa de Aprovação,Total,Ensino Fundamental,95.00
2709301,União dos Palmares,2010,indicadores_rendimento,Taxa de Reprovação,Total,Ensino Fundamental,3.50
2709301,União dos Palmares,2010,indicadores_rendimento,Taxa de Abandono,Total,Ensino Fundamental,1.50
2709301,União dos Palmares,2010,indicadores_rendimento,Taxa de Aprovação,Estadual,Ensino Médio,95.00
2709301,União dos Palmares,2010,indicadores_rendimento,Taxa de Reprovação,Estadual,Ensino Médio,3.50
2709301,União dos Palmares,2010,indicadores_rendimento,Taxa de Abandono,Estadual,Ensino Médio,1.50
2709301,União dos Palmares,2010,indicadores_rendimento,Taxa de Aprovação,Municipal,Ensino Médio,95.00
2709301,União dos Palmares,2010,indicadores_rendimento,Taxa de Reprovação,Municipal,Ensino Médio,3.50
2709301,União dos Palmares,2010,indicadores_rendimento,Taxa de Abandono,Municipal,Ensino Médio,1.50
2709301,União dos Palmares,2010,indicadores_rendimento,Taxa de Aprovação,Federal,Ensino Médio,95.00
2709301,União dos Palmares,2010,indicadores_rendimento,Taxa de Reprovação,Federal,Ensino Médio,3.50
2709301,União dos Palmares,2010,indicadores_rendimento,Taxa de Abandono,Federal,Ensino Médio,1.50
2709301,União dos Palmares,2010,indicadores_rendimento,Taxa de Aprovação,Privada,Ensino Médio,95.00
2709301,União dos Palmares,2010,indicadores_rendimento,Taxa de Reprovação,Privada,Ensino Médio,3.50
2709301,União dos Palmares,2010,indicadores_rendimento,Taxa de Abandono,Privada,Ensino Médio,1.50
2709301,União dos Palmares,2010,indicadores_rendimento,Taxa de Aprovação,Pública,Ensino Médio,95.00
2709301,União dos Palmares,2010,indicadores_rendimento,Taxa de Reprovação,Pública,Ensino Médio,3.50
2709301,União dos Palmares,2010,indicadores_rendimento,Taxa de Abandono,Pública,Ensino Médio,1.50
2709301,União dos Palmares,2010,indicadores_rendimento,Taxa de Aprovação,Total,Ensino Médio,95.00
2709301,União dos Palmares,2010,indicadores_rendimento,Taxa de Reprovação,Total,Ensino Médio,3.50
2709301,União dos Palmares,2010,indicadores_rendimento,Taxa de Abandono,Total,Ensino Médio,1.50
2709301,União dos Palmares,2010,censo_demografico,Pessoas Alfabetizadas,Não se aplica,Pessoas de 15 anos ou mais de idade,85000.0
2709301,União dos Palmares,2010,censo_demografico,Pessoas Total,Não se aplica,Pessoas de 15 anos ou mais de idade,100000.0
2709301,União dos Palmares,2010,censo_demografico,Taxa de Alfabetização,Não se aplica,Pessoas de 15 anos ou mais de idade,80.00
2709301,União dos Palmares,2010,censo_demografico,Taxa de Analfabetismo,Não se aplica,Pessoas de 15 anos ou mais de idade,20.00
2709301,União dos Palmares,2019,censo_escolar,Matrícula,Estadual,Educação Infantil,1590.0
2709301,União dos Palmares,2019,censo_escolar,Escolas,Estadual,Educação Infantil,15.0
2709301,União dos Palmares,2019,censo_escolar,Matrícula,Municipal,Educação Infantil,2000.0
2709301,União dos Palmares,2019,censo_escolar,Escolas,Municipal,Educação Infantil,20.0
2709301,União dos Palmares,2019,censo_escolar,Matrícula,Federal,Educação Infantil,0.0
2709301,União dos Palmares,2019,censo_escolar,Escolas,Federal,Educação Infantil,0.0
2709301,União dos Palmares,2019,censo_escolar,Matrícula,Privada,Educação Infantil,1500.0
2709301,União dos Palmares,2019,censo_escolar,Escolas,Privada,Educação Infantil,15.0
2709301,União dos Palmares,2019,censo_escolar,Matrícula,Pública,Educação Infantil,3590.0
2709301,União dos Palmares,2019,censo_escolar,Escolas,Pública,Educação Infantil,35.0
2709301,União dos Palmares,2019,censo_escolar,Matrícula,Total,Educação Infantil,5090.0
2709301,União dos Palmares,2019,censo_escolar,Escolas,Total,Educação Infantil,50.0
2709301,União dos Palmares,2019,censo_escolar,Matrícula,Estadual,Ensino Fundamental,1590.0
2709301,União dos Palmares,2019,censo_escolar,Escolas,Estadual,Ensino Fundamental,15.0
2709301,União dos Palmares,2019,censo_escolar,Matrícula,Municipal,Ensino Fundamental,2000.0
2709301,União dos Palmares,2019,censo_escolar,Escolas,Municipal,Ensino Fundamental,20.0
2709301,União dos Palmares,2019,censo_escolar,Matrícula,Federal,Ensino Fundamental,0.0
2709301,União dos Palmares,2019,censo_escolar,Escolas,Federal,Ensino Fundamental,0.0
2709301,União dos Palmares,2019,censo_escolar,Matrícula,Privada,Ensino Fundamental,1500.0
2709301,União dos Palmares,2019,censo_escolar,Escolas,Privada,Ensino Fundamental,15.0
2709301,União dos Palmares,2019,censo_escolar,Matrícula,Pública,Ensino Fundamental,3590.0
2709301,União dos Palmares,2019,censo_escolar,Escolas,Pública,Ensino Fundamental,35.0
2709301,União dos Palmares,2019,censo_escolar,Matrícula,Total,Ensino Fundamental,5090.0
2709301,União dos Palmares,2019,censo_escolar,Escolas,Total,Ensino Fundamental,50.0
2709301,União dos Palmares,2019,censo_escolar,Matrícula,Estadual,Ensino Médio,1590.0
2709301,União dos Palmares,2019,censo_escolar,Escolas,Estadual,Ensino Médio,15.0
2709301,União dos Palmares,2019,censo_escolar,Matrícula,Municipal,Ensino Médio,2000.0
2709301,União dos Palmares,2019,censo_escolar,Escolas,Municipal,Ensino Médio,20.0
2709301,União dos Palmares,2019,censo_escolar,Matrícula,Federal,Ensino Médio,0.0
2709301,União dos Palmares,2019,censo_escolar,Escolas,Federal,Ensino Médio,0.0
2709301,União dos Palmares,2019,censo_escolar,Matrícula,Privada,Ensino Médio,1500.0
2709301,União dos Palmares,2019,censo_escolar,Escolas,Privada,Ensino Médio,15.0
2709301,União dos Palmares,2019,censo_escolar,Matrícula,Pública,Ensino Médio,3590.0
2709301,União dos Palmares,2019,censo_escolar,Escolas,Pública,Ensino Médio,35.0
2709301,União dos Palmares,2019,censo_escolar,Matrícula,Total,Ensino Médio,5090.0
2709301,União dos Palmares,2019,censo_escolar,Escolas,Total,Ensino Médio,50.0
2709301,União dos Palmares,2019,censo_escolar,Matrícula,Estadual,Educação de Jovens e Adultos (EJA),1590.0
2709301,União dos Palmares,2019,censo_escolar,Escolas,Estadual,Educação de Jovens e Adultos (EJA),15.0
2709301,União dos Palmares,2019,censo_escolar,Matrícula,Municipal,Educação de Jovens e Adultos (EJA),2000.0
2709301,União dos Palmares,2019,censo_escolar,Escolas,Municipal,Educação de Jovens e Adultos (EJA),20.0
2709301,União dos Palmares,2019,censo_escolar,Matrícula,Federal,Educação de Jovens e Adultos (EJA),0.0
2709301,União dos Palmares,2019,censo_escolar,Escolas,Federal,Educação de Jovens e Adultos (EJA),0.0
2709301,União dos Palmares,2019,censo_escolar,Matrícula,Privada,Educação de Jovens e Adultos (EJA),1500.0
2709301,União dos Palmares,2019,censo_escolar,Escolas,Privada,Educação de Jovens e Adultos (EJA),15.0
2709301,União dos Palmares,2019,censo_escolar,Matrícula,Pública,Educação de Jovens e Adultos (EJA),3590.0
2709301,União dos Palmares,2019,censo_escolar,Escolas,Pública,Educação de Jovens e Adultos (EJA),35.0
2709301,União dos Palmares,2019,censo_escolar,Matrícula,Total,Educação de Jovens e Adultos (EJA),5090.0
2709301,União dos Palmares,2019,censo_escolar,Escolas,Total,Educação de Jovens e Adultos (EJA),50.0
2709301,União dos Palmares,2019,censo_escolar,Matrícula,Estadual,Educação Profissional,1590.0
2709301,União dos Palmares,2019,censo_escolar,Escolas,Estadual,Educação Profissional,15.0
2709301,União dos Palmares,2019,censo_escolar,Matrícula,Municipal,Educação Profissional,2000.0
2709301,União dos Palmares,2019,censo_escolar,Escolas,Municipal,Educação Profissional,20.0
2709301,União dos Palmares,2019,censo_escolar,Matrícula,Federal,Educação Profissional,0.0
2709301,União dos Palmares,2019,censo_escolar,Escolas,Federal,Educação Profissional,0.0
2709301,União dos Palmares,2019,censo_escolar,Matrícula,Privada,Educação Profissional,1500.0
2709301,União dos Palmares,2019,censo_escolar,Escolas,Privada,Educação Profissional,15.0
2709301,União dos Palmares,2019,censo_escolar,Matrícula,Pública,Educação Profissional,3590.0
2709301,União dos Palmares,2019,censo_escolar,Escolas,Pública,Educação Profissional,35.0
2709301,União dos Palmares,2019,censo_escolar,Matrícula,Total,Educação Profissional,5090.0
2709301,União dos Palmares,2019,censo_escolar,Escolas,Total,Educação Profissional,50.0
2709301,União dos Palmares,2019,indicadores_rendimento,Taxa de Aprovação,Estadual,Ensino Fundamental,95.00
2709301,União dos Palmares,2019,indicadores_rendimento,Taxa de Reprovação,Estadual,Ensino Fundamental,3.50
2709301,União dos Palmares,2019,indicadores_rendimento,Taxa de Abandono,Estadual,Ensino Fundamental,1.50
2709301,União dos Palmares,2019,indicadores_rendimento,Taxa de Aprovação,Municipal,Ensino Fundamental,95.00
2709301,União dos Palmares,2019,indicadores_rendimento,Taxa de Reprovação,Municipal,Ensino Fundamental,3.50
2709301,União dos Palmares,2019,indicadores_rendimento,Taxa de Abandono,Municipal,Ensino Fundamental,1.50
2709301,União dos Palmares,2019,indicadores_rendimento,Taxa de Aprovação,Federal,Ensino Fundamental,95.00
2709301,União dos Palmares,2019,indicadores_rendimento,Taxa de Reprovação,Federal,Ensino Fundamental,3.50
2709301,União dos Palmares,2019,indicadores_rendimento,Taxa de Abandono,Federal,Ensino Fundamental,1.50
2709301,União dos Palmares,2019,indicadores_rendimento,Taxa de Aprovação,Privada,Ensino Fundamental,95.00
2709301,União dos Palmares,2019,indicadores_rendimento,Taxa de Reprovação,Privada,Ensino Fundamental,3.50
2709301,União dos Palmares,2019,indicadores_rendimento,Taxa de Abandono,Privada,Ensino Fundamental,1.50
2709301,União dos Palmares,2019,indicadores_rendimento,Taxa de Aprovação,Pública,Ensino Fundamental,95.00
2709301,União dos Palmares,2019,indicadores_rendimento,Taxa de Reprovação,Pública,Ensino Fundamental,3.50
2709301,União dos Palmares,2019,indicadores_rendimento,Taxa de Abandono,Pública,Ensino Fundamental,1.50
2709301,União dos Palmares,2019,indicadores_rendimento,Taxa de Aprovação,Total,Ensino Fundamental,95.00
2709301,União dos Palmares,2019,indicadores_rendimento,Taxa de Reprovação,Total,Ensino Fundamental,3.50
2709301,União dos Palmares,2019,indicadores_rendimento,Taxa de Abandono,Total,Ensino Fundamental,1.50
2709301,União dos Palmares,2019,indicadores_rendimento,Taxa de Aprovação,Estadual,Ensino Médio,95.00
2709301,União dos Palmares,2019,indicadores_rendimento,Taxa de Reprovação,Estadual,Ensino Médio,3.50
2709301,União dos Palmares,2019,indicadores_rendimento,Taxa de Abandono,Estadual,Ensino Médio,1.50
2709301,União dos Palmares,2019,indicadores_rendimento,Taxa de Aprovação,Municipal,Ensino Médio,95.00
2709301,União dos Palmares,2019,indicadores_rendimento,Taxa de Reprovação,Municipal,Ensino Médio,3.50
2709301,União dos Palmares,2019,indicadores_rendimento,Taxa de Abandono,Municipal,Ensino Médio,1.50
2709301,União dos Palmares,2019,indicadores_rendimento,Taxa de Aprovação,Federal,Ensino Médio,95.00
2709301,União dos Palmares,2019,indicadores_rendimento,Taxa de Reprovação,Federal,Ensino Médio,3.50
2709301,União dos Palmares,2019,indicadores_rendimento,Taxa de Abandono,Federal,Ensino Médio,1.50
2709301,União dos Palmares,2019,indicadores_rendimento,Taxa de Aprovação,Privada,Ensino Médio,95.00
2709301,União dos Palmares,2019,indicadores_rendimento,Taxa de Reprovação,Privada,Ensino Médio,3.50
2709301,União dos Palmares,2019,indicadores_rendimento,Taxa de Abandono,Privada,Ensino Médio,1.50
2709301,União dos Palmares,2019,indicadores_rendimento,Taxa de Aprovação,Pública,Ensino Médio,95.00
2709301,União dos Palmares,2019,indicadores_rendimento,Taxa de Reprovação,Pública,Ensino Médio,3.50
2709301,União dos Palmares,2019,indicadores_rendimento,Taxa de Abandono,Pública,Ensino Médio,1.50
2709301,União dos Palmares,2019,indicadores_rendimento,Taxa de Aprovação,Total,Ensino Médio,95.00
2709301,União dos Palmares,2019,indicadores_rendimento,Taxa de Reprovação,Total,Ensino Médio,3.50
2709301,União dos Palmares,2019,indicadores_rendimento,Taxa de Abandono,Total,Ensino Médio,1.50
2709301,União dos Palmares,2021,censo_escolar,Matrícula,Estadual,Educação Infantil,1610.0
2709301,União dos Palmares,2021,censo_escolar,Escolas,Estadual,Educação Infantil,15.0
2709301,União dos Palmares,2021,censo_escolar,Matrícula,Municipal,Educação Infantil,2000.0
2709301,União dos Palmares,2021,censo_escolar,Escolas,Municipal,Educação Infantil,20.0
2709301,União dos Palmares,2021,censo_escolar,Matrícula,Federal,Educação Infantil,0.0
2709301,União dos Palmares,2021,censo_escolar,Escolas,Federal,Educação Infantil,0.0
2709301,União dos Palmares,2021,censo_escolar,Matrícula,Privada,Educação Infantil,1500.0
2709301,União dos Palmares,2021,censo_escolar,Escolas,Privada,Educação Infantil,15.0
2709301,União dos Palmares,2021,censo_escolar,Matrícula,Pública,Educação Infantil,3610.0
2709301,União dos Palmares,2021,censo_escolar,Escolas,Pública,Educação Infantil,35.0
2709301,União dos Palmares,2021,censo_escolar,Matrícula,Total,Educação Infantil,5110.0
2709301,União dos Palmares,2021,censo_escolar,Escolas,Total,Educação Infantil,50.0
2709301,União dos Palmares,2021,censo_escolar,Matrícula,Estadual,Ensino Fundamental,1610.0
2709301,União dos Palmares,2021,censo_escolar,Escolas,Estadual,Ensino Fundamental,15.0
2709301,União dos Palmares,2021,censo_escolar,Matrícula,Municipal,Ensino Fundamental,2000.0
2709301,União dos Palmares,2021,censo_escolar,Escolas,Municipal,Ensino Fundamental,20.0
2709301,União dos Palmares,2021,censo_escolar,Matrícula,Federal,Ensino Fundamental,0.0
2709301,União dos Palmares,2021,censo_escolar,Escolas,Federal,Ensino Fundamental,0.0
2709301,União dos Palmares,2021,censo_escolar,Matrícula,Privada,Ensino Fundamental,1500.0
2709301,União dos Palmares,2021,censo_escolar,Escolas,Privada,Ensino Fundamental,15.0
2709301,União dos Palmares,2021,censo_escolar,Matrícula,Pública,Ensino Fundamental,3610.0
2709301,União dos Palmares,2021,censo_escolar,Escolas,Pública,Ensino Fundamental,35.0
2709301,União dos Palmares,2021,censo_escolar,Matrícula,Total,Ensino Fundamental,5110.0
2709301,União dos Palmares,2021,censo_escolar,Escolas,Total,Ensino Fundamental,50.0
2709301,União dos Palmares,2021,censo_escolar,Matrícula,Estadual,Ensino Médio,1610.0
2709301,União dos Palmares,2021,censo_escolar,Escolas,Estadual,Ensino Médio,15.0
2709301,União dos Palmares,2021,censo_escolar,Matrícula,Municipal,Ensino Médio,2000.0
2709301,União dos Palmares,2021,censo_escolar,Escolas,Municipal,Ensino Médio,20.0
2709301,União dos Palmares,2021,censo_escolar,Matrícula,Federal,Ensino Médio,0.0
2709301,União dos Palmares,2021,censo_escolar,Escolas,Federal,Ensino Médio,0.0
2709301,União dos Palmares,2021,censo_escolar,Matrícula,Privada,Ensino Médio,1500.0
2709301,União dos Palmares,2021,censo_escolar,Escolas,Privada,Ensino Médio,15.0
2709301,União dos Palmares,2021,censo_escolar,Matrícula,Pública,Ensino Médio,3610.0
2709301,União dos Palmares,2021,censo_escolar,Escolas,Pública,Ensino Médio,35.0
2709301,União dos Palmares,2021,censo_escolar,Matrícula,Total,Ensino Médio,5110.0
2709301,União dos Palmares,2021,censo_escolar,Escolas,Total,Ensino Médio,50.0
2709301,União dos Palmares,2021,censo_escolar,Matrícula,Estadual,Educação de Jovens e Adultos (EJA),1610.0
2709301,União dos Palmares,2021,censo_escolar,Escolas,Estadual,Educação de Jovens e Adultos (EJA),15.0
2709301,União dos Palmares,2021,censo_escolar,Matrícula,Municipal,Educação de Jovens e Adultos (EJA),2000.0
2709301,União dos Palmares,2021,censo_escolar,Escolas,Municipal,Educação de Jovens e Adultos (EJA),20.0
2709301,União dos Palmares,2021,censo_escolar,Matrícula,Federal,Educação de Jovens e Adultos (EJA),0.0
2709301,União dos Palmares,2021,censo_escolar,Escolas,Federal,Educação de Jovens e Adultos (EJA),0.0
2709301,União dos Palmares,2021,censo_escolar,Matrícula,Privada,Educação de Jovens e Adultos (EJA),1500.0
2709301,União dos Palmares,2021,censo_escolar,Escolas,Privada,Educação de Jovens e Adultos (EJA),15.0
2709301,União dos Palmares,2021,censo_escolar,Matrícula,Pública,Educação de Jovens e Adultos (EJA),3610.0
2709301,União dos Palmares,2021,censo_escolar,Escolas,Pública,Educação de Jovens e Adultos (EJA),35.0
2709301,União dos Palmares,2021,censo_escolar,Matrícula,Total,Educação de Jovens e Adultos (EJA),5110.0
2709301,União dos Palmares,2021,censo_escolar,Escolas,Total,Educação de Jovens e Adultos (EJA),50.0
2709301,União dos Palmares,2021,censo_escolar,Matrícula,Estadual,Educação Profissional,1610.0
2709301,União dos Palmares,2021,censo_escolar,Escolas,Estadual,Educação Profissional,15.0
2709301,União dos Palmares,2021,censo_escolar,Matrícula,Municipal,Educação Profissional,2000.0
2709301,União dos Palmares,2021,censo_escolar,Escolas,Municipal,Educação Profissional,20.0
2709301,União dos Palmares,2021,censo_escolar,Matrícula,Federal,Educação Profissional,0.0
2709301,União dos Palmares,2021,censo_escolar,Escolas,Federal,Educação Profissional,0.0
2709301,União dos Palmares,2021,censo_escolar,Matrícula,Privada,Educação Profissional,1500.0
2709301,União dos Palmares,2021,censo_escolar,Escolas,Privada,Educação Profissional,15.0
2709301,União dos Palmares,2021,censo_escolar,Matrícula,Pública,Educação Profissional,3610.0
2709301,União dos Palmares,2021,censo_escolar,Escolas,Pública,Educação Profissional,35.0
2709301,União dos Palmares,2021,censo_escolar,Matrícula,Total,Educação Profissional,5110.0
2709301,União dos Palmares,2021,censo_escolar,Escolas,Total,Educação Profissional,50.0
2709301,União dos Palmares,2021,indicadores_rendimento,Taxa de Aprovação,Estadual,Ensino Fundamental,95.00
2709301,União dos Palmares,2021,indicadores_rendimento,Taxa de Reprovação,Estadual,Ensino Fundamental,3.50
2709301,União dos Palmares,2021,indicadores_rendimento,Taxa de Abandono,Estadual,Ensino Fundamental,1.50
2709301,União dos Palmares,2021,indicadores_rendimento,Taxa de Aprovação,Municipal,Ensino Fundamental,95.00
2709301,União dos Palmares,2021,indicadores_rendimento,Taxa de Reprovação,Municipal,Ensino Fundamental,3.50
2709301,União dos Palmares,2021,indicadores_rendimento,Taxa de Abandono,Municipal,Ensino Fundamental,1.50
2709301,União dos Palmares,2021,indicadores_rendimento,Taxa de Aprovação,Federal,Ensino Fundamental,95.00
2709301,União dos Palmares,2021,indicadores_rendimento,Taxa de Reprovação,Federal,Ensino Fundamental,3.50
2709301,União dos Palmares,2021,indicadores_rendimento,Taxa de Abandono,Federal,Ensino Fundamental,1.50
2709301,União dos Palmares,2021,indicadores_rendimento,Taxa de Aprovação,Privada,Ensino Fundamental,95.00
2709301,União dos Palmares,2021,indicadores_rendimento,Taxa de Reprovação,Privada,Ensino Fundamental,3.50
2709301,União dos Palmares,2021,indicadores_rendimento,Taxa de Abandono,Privada,Ensino Fundamental,1.50
2709301,União dos Palmares,2021,indicadores_rendimento,Taxa de Aprovação,Pública,Ensino Fundamental,95.00
2709301,União dos Palmares,2021,indicadores_rendimento,Taxa de Reprovação,Pública,Ensino Fundamental,3.50
2709301,União dos Palmares,2021,indicadores_rendimento,Taxa de Abandono,Pública,Ensino Fundamental,1.50
2709301,União dos Palmares,2021,indicadores_rendimento,Taxa de Aprovação,Total,Ensino Fundamental,95.00
2709301,União dos Palmares,2021,indicadores_rendimento,Taxa de Reprovação,Total,Ensino Fundamental,3.50
2709301,União dos Palmares,2021,indicadores_rendimento,Taxa de Abandono,Total,Ensino Fundamental,1.50
2709301,União dos Palmares,2021,indicadores_rendimento,Taxa de Aprovação,Estadual,Ensino Médio,95.00
2709301,União dos Palmares,2021,indicadores_rendimento,Taxa de Reprovação,Estadual,Ensino Médio,3.50
2709301,União dos Palmares,2021,indicadores_rendimento,Taxa de Abandono,Estadual,Ensino Médio,1.50
2709301,União dos Palmares,2021,indicadores_rendimento,Taxa de Aprovação,Municipal,Ensino Médio,95.00
2709301,União dos Palmares,2021,indicadores_rendimento,Taxa de Reprovação,Municipal,Ensino Médio,3.50
2709301,União dos Palmares,2021,indicadores_rendimento,Taxa de Abandono,Municipal,Ensino Médio,1.50
2709301,União dos Palmares,2021,indicadores_rendimento,Taxa de Aprovação,Federal,Ensino Médio,95.00
2709301,União dos Palmares,2021,indicadores_rendimento,Taxa de Reprovação,Federal,Ensino Médio,3.50
2709301,União dos Palmares,2021,indicadores_rendimento,Taxa de Abandono,Federal,Ensino Médio,1.50
2709301,União dos Palmares,2021,indicadores_rendimento,Taxa de Aprovação,Privada,Ensino Médio,95.00
2709301,União dos Palmares,2021,indicadores_rendimento,Taxa de Reprovação,Privada,Ensino Médio,3.50
2709301,União dos Palmares,2021,indicadores_rendimento,Taxa de Abandono,Privada,Ensino Médio,1.50
2709301,União dos Palmares,2021,indicadores_rendimento,Taxa de Aprovação,Pública,Ensino Médio,95.00
2709301,União dos Palmares,2021,indicadores_rendimento,Taxa de Reprovação,Pública,Ensino Médio,3.50
2709301,União dos Palmares,2021,indicadores_rendimento,Taxa de Abandono,Pública,Ensino Médio,1.50
2709301,União dos Palmares,2021,indicadores_rendimento,Taxa de Aprovação,Total,Ensino Médio,95.00
2709301,União dos Palmares,2021,indicadores_rendimento,Taxa de Reprovação,Total,Ensino Médio,3.50
2709301,União dos Palmares,2021,indicadores_rendimento,Taxa de Abandono,Total,Ensino Médio,1.50
2709301,União dos Palmares,2022,censo_escolar,Matrícula,Estadual,Educação Infantil,1620.0
2709301,União dos Palmares,2022,censo_escolar,Escolas,Estadual,Educação Infantil,15.0
2709301,União dos Palmares,2022,censo_escolar,Matrícula,Municipal,Educação Infantil,2000.0
2709301,União dos Palmares,2022,censo_escolar,Escolas,Municipal,Educação Infantil,20.0
2709301,União dos Palmares,2022,censo_escolar,Matrícula,Federal,Educação Infantil,0.0
2709301,União dos Palmares,2022,censo_escolar,Escolas,Federal,Educação Infantil,0.0
2709301,União dos Palmares,2022,censo_escolar,Matrícula,Privada,Educação Infantil,1500.0
2709301,União dos Palmares,2022,censo_escolar,Escolas,Privada,Educação Infantil,15.0
2709301,União dos Palmares,2022,censo_escolar,Matrícula,Pública,Educação Infantil,3620.0
2709301,União dos Palmares,2022,censo_escolar,Escolas,Pública,Educação Infantil,35.0
2709301,União dos Palmares,2022,censo_escolar,Matrícula,Total,Educação Infantil,5120.0
2709301,União dos Palmares,2022,censo_escolar,Escolas,Total,Educação Infantil,50.0
2709301,União dos Palmares,2022,censo_escolar,Matrícula,Estadual,Ensino Fundamental,1620.0
2709301,União dos Palmares,2022,censo_escolar,Escolas,Estadual,Ensino Fundamental,15.0
2709301,União dos Palmares,2022,censo_escolar,Matrícula,Municipal,Ensino Fundamental,2000.0
2709301,União dos Palmares,2022,censo_escolar,Escolas,Municipal,Ensino Fundamental,20.0
2709301,União dos Palmares,2022,censo_escolar,Matrícula,Federal,Ensino Fundamental,0.0
2709301,União dos Palmares,2022,censo_escolar,Escolas,Federal,Ensino Fundamental,0.0
2709301,União dos Palmares,2022,censo_escolar,Matrícula,Privada,Ensino Fundamental,1500.0
2709301,União dos Palmares,2022,censo_escolar,Escolas,Privada,Ensino Fundamental,15.0
2709301,União dos Palmares,2022,censo_escolar,Matrícula,Pública,Ensino Fundamental,3620.0
2709301,União dos Palmares,2022,censo_escolar,Escolas,Pública,Ensino Fundamental,35.0
2709301,União dos Palmares,2022,censo_escolar,Matrícula,Total,Ensino Fundamental,5120.0
2709301,União dos Palmares,2022,censo_escolar,Escolas,Total,Ensino Fundamental,50.0
2709301,União dos Palmares,2022,censo_escolar,Matrícula,Estadual,Ensino Médio,1620.0
2709301,União dos Palmares,2022,censo_escolar,Escolas,Estadual,Ensino Médio,15.0
2709301,União dos Palmares,2022,censo_escolar,Matrícula,Municipal,Ensino Médio,2000.0
2709301,União dos Palmares,2022,censo_escolar,Escolas,Municipal,Ensino Médio,20.0
2709301,União dos Palmares,2022,censo_escolar,Matrícula,Federal,Ensino Médio,0.0
2709301,União dos Palmares,2022,censo_escolar,Escolas,Federal,Ensino Médio,0.0
2709301,União dos Palmares,2022,censo_escolar,Matrícula,Privada,Ensino Médio,1500.0
2709301,União dos Palmares,2022,censo_escolar,Escolas,Privada,Ensino Médio,15.0
2709301,União dos Palmares,2022,censo_escolar,Matrícula,Pública,Ensino Médio,3620.0
2709301,União dos Palmares,2022,censo_escolar,Escolas,Pública,Ensino Médio,35.0
2709301,União dos Palmares,2022,censo_escolar,Matrícula,Total,Ensino Médio,5120.0
2709301,União dos Palmares,2022,censo_escolar,Escolas,Total,Ensino Médio,50.0
2709301,União dos Palmares,2022,censo_escolar,Matrícula,Estadual,Educação de Jovens e Adultos (EJA),1620.0
2709301,União dos Palmares,2022,censo_escolar,Escolas,Estadual,Educação de Jovens e Adultos (EJA),15.0
2709301,União dos Palmares,2022,censo_escolar,Matrícula,Municipal,Educação de Jovens e Adultos (EJA),2000.0
2709301,União dos Palmares,2022,censo_escolar,Escolas,Municipal,Educação de Jovens e Adultos (EJA),20.0
2709301,União dos Palmares,2022,censo_escolar,Matrícula,Federal,Educação de Jovens e Adultos (EJA),0.0
2709301,União dos Palmares,2022,censo_escolar,Escolas,Federal,Educação de Jovens e Adultos (EJA),0.0
2709301,União dos Palmares,2022,censo_escolar,Matrícula,Privada,Educação de Jovens e Adultos (EJA),1500.0
2709301,União dos Palmares,2022,censo_escolar,Escolas,Privada,Educação de Jovens e Adultos (EJA),15.0
2709301,União dos Palmares,2022,censo_escolar,Matrícula,Pública,Educação de Jovens e Adultos (EJA),3620.0
2709301,União dos Palmares,2022,censo_escolar,Escolas,Pública,Educação de Jovens e Adultos (EJA),35.0
2709301,União dos Palmares,2022,censo_escolar,Matrícula,Total,Educação de Jovens e Adultos (EJA),5120.0
2709301,União dos Palmares,2022,censo_escolar,Escolas,Total,Educação de Jovens e Adultos (EJA),50.0
2709301,União dos Palmares,2022,censo_escolar,Matrícula,Estadual,Educação Profissional,1620.0
2709301,União dos Palmares,2022,censo_escolar,Escolas,Estadual,Educação Profissional,15.0
2709301,União dos Palmares,2022,censo_escolar,Matrícula,Municipal,Educação Profissional,2000.0
2709301,União dos Palmares,2022,censo_escolar,Escolas,Municipal,Educação Profissional,20.0
2709301,União dos Palmares,2022,censo_escolar,Matrícula,Federal,Educação Profissional,0.0
2709301,União dos Palmares,2022,censo_escolar,Escolas,Federal,Educação Profissional,0.0
2709301,União dos Palmares,2022,censo_escolar,Matrícula,Privada,Educação Profissional,1500.0
2709301,União dos Palmares,2022,censo_escolar,Escolas,Privada,Educação Profissional,15.0
2709301,União dos Palmares,2022,censo_escolar,Matrícula,Pública,Educação Profissional,3620.0
2709301,União dos Palmares,2022,censo_escolar,Escolas,Pública,Educação Profissional,35.0
2709301,União dos Palmares,2022,censo_escolar,Matrícula,Total,Educação Profissional,5120.0
2709301,União dos Palmares,2022,censo_escolar,Escolas,Total,Educação Profissional,50.0
2709301,União dos Palmares,2022,indicadores_rendimento,Taxa de Aprovação,Estadual,Ensino Fundamental,95.00
2709301,União dos Palmares,2022,indicadores_rendimento,Taxa de Reprovação,Estadual,Ensino Fundamental,3.50
2709301,União dos Palmares,2022,indicadores_rendimento,Taxa de Abandono,Estadual,Ensino Fundamental,1.50
2709301,União dos Palmares,2022,indicadores_rendimento,Taxa de Aprovação,Municipal,Ensino Fundamental,95.00
2709301,União dos Palmares,2022,indicadores_rendimento,Taxa de Reprovação,Municipal,Ensino Fundamental,3.50
2709301,União dos Palmares,2022,indicadores_rendimento,Taxa de Abandono,Municipal,Ensino Fundamental,1.50
2709301,União dos Palmares,2022,indicadores_rendimento,Taxa de Aprovação,Federal,Ensino Fundamental,95.00
2709301,União dos Palmares,2022,indicadores_rendimento,Taxa de Reprovação,Federal,Ensino Fundamental,3.50
2709301,União dos Palmares,2022,indicadores_rendimento,Taxa de Abandono,Federal,Ensino Fundamental,1.50
2709301,União dos Palmares,2022,indicadores_rendimento,Taxa de Aprovação,Privada,Ensino Fundamental,95.00
2709301,União dos Palmares,2022,indicadores_rendimento,Taxa de Reprovação,Privada,Ensino Fundamental,3.50
2709301,União dos Palmares,2022,indicadores_rendimento,Taxa de Abandono,Privada,Ensino Fundamental,1.50
2709301,União dos Palmares,2022,indicadores_rendimento,Taxa de Aprovação,Pública,Ensino Fundamental,95.00
2709301,União dos Palmares,2022,indicadores_rendimento,Taxa de Reprovação,Pública,Ensino Fundamental,3.50
2709301,União dos Palmares,2022,indicadores_rendimento,Taxa de Abandono,Pública,Ensino Fundamental,1.50
2709301,União dos Palmares,2022,indicadores_rendimento,Taxa de Aprovação,Total,Ensino Fundamental,95.00
2709301,União dos Palmares,2022,indicadores_rendimento,Taxa de Reprovação,Total,Ensino Fundamental,3.50
2709301,União dos Palmares,2022,indicadores_rendimento,Taxa de Abandono,Total,Ensino Fundamental,1.50
2709301,União dos Palmares,2022,indicadores_rendimento,Taxa de Aprovação,Estadual,Ensino Médio,95.00
2709301,União dos Palmares,2022,indicadores_rendimento,Taxa de Reprovação,Estadual,Ensino Médio,3.50
2709301,União dos Palmares,2022,indicadores_rendimento,Taxa de Abandono,Estadual,Ensino Médio,1.50
2709301,União dos Palmares,2022,indicadores_rendimento,Taxa de Aprovação,Municipal,Ensino Médio,95.00
2709301,União dos Palmares,2022,indicadores_rendimento,Taxa de Reprovação,Municipal,Ensino Médio,3.50
2709301,União dos Palmares,2022,indicadores_rendimento,Taxa de Abandono,Municipal,Ensino Médio,1.50
2709301,União dos Palmares,2022,indicadores_rendimento,Taxa de Aprovação,Federal,Ensino Médio,95.00
2709301,União dos Palmares,2022,indicadores_rendimento,Taxa de Reprovação,Federal,Ensino Médio,3.50
2709301,União dos Palmares,2022,indicadores_rendimento,Taxa de Abandono,Federal,Ensino Médio,1.50
2709301,União dos Palmares,2022,indicadores_rendimento,Taxa de Aprovação,Privada,Ensino Médio,95.00
2709301,União dos Palmares,2022,indicadores_rendimento,Taxa de Reprovação,Privada,Ensino Médio,3.50
2709301,União dos Palmares,2022,indicadores_rendimento,Taxa de Abandono,Privada,Ensino Médio,1.50
2709301,União dos Palmares,2022,indicadores_rendimento,Taxa de Aprovação,Pública,Ensino Médio,95.00
2709301,União dos Palmares,2022,indicadores_rendimento,Taxa de Reprovação,Pública,Ensino Médio,3.50
2709301,União dos Palmares,2022,indicadores_rendimento,Taxa de Abandono,Pública,Ensino Médio,1.50
2709301,União dos Palmares,2022,indicadores_rendimento,Taxa de Aprovação,Total,Ensino Médio,95.00
2709301,União dos Palmares,2022,indicadores_rendimento,Taxa de Reprovação,Total,Ensino Médio,3.50
2709301,União dos Palmares,2022,indicadores_rendimento,Taxa de Abandono,Total,Ensino Médio,1.50
2709301,União dos Palmares,2022,censo_demografico,Pessoas Alfabetizadas,Não se aplica,Pessoas de 15 anos ou mais de idade,85000.0
2709301,União dos Palmares,2022,censo_demografico,Pessoas Total,Não se aplica,Pessoas de 15 anos ou mais de idade,100000.0
2709301,União dos Palmares,2022,censo_demografico,Taxa de Alfabetização,Não se aplica,Pessoas de 15 anos ou mais de idade,85.00
2709301,União dos Palmares,2022,censo_demografico,Taxa de Analfabetismo,Não se aplica,Pessoas de 15 anos ou mais de idade,15.00
2709301,União dos Palmares,2023,censo_escolar,Matrícula,Estadual,Educação Infantil,690.0
2709301,União dos Palmares,2023,censo_escolar,Escolas,Estadual,Educação Infantil,15.0
2709301,União dos Palmares,2023,censo_escolar,Matrícula,Municipal,Educação Infantil,805.0
2709301,União dos Palmares,2023,censo_escolar,Escolas,Municipal,Educação Infantil,20.0
2709301,União dos Palmares,2023,censo_escolar,Matrícula,Federal,Educação Infantil,0.0
2709301,União dos Palmares,2023,censo_escolar,Escolas,Federal,Educação Infantil,0.0
2709301,União dos Palmares,2023,censo_escolar,Matrícula,Privada,Educação Infantil,805.0
2709301,União dos Palmares,2023,censo_escolar,Escolas,Privada,Educação Infantil,15.0
2709301,União dos Palmares,2023,censo_escolar,Matrícula,Pública,Educação Infantil,1495.0
2709301,União dos Palmares,2023,censo_escolar,Escolas,Pública,Educação Infantil,35.0
2709301,União dos Palmares,2023,censo_escolar,Escolas,Total,Educação Infantil,50.0
2709301,União dos Palmares,2023,censo_escolar,Matrícula,Estadual,Ensino Fundamental,3300.0
2709301,União dos Palmares,2023,censo_escolar,Escolas,Estadual,Ensino Fundamental,15.0
2709301,União dos Palmares,2023,censo_escolar,Matrícula,Municipal,Ensino Fundamental,3850.0
2709301,União dos Palmares,2023,censo_escolar,Escolas,Municipal,Ensino Fundamental,20.0
2709301,União dos Palmares,2023,censo_escolar,Matrícula,Federal,Ensino Fundamental,0.0
2709301,União dos Palmares,2023,censo_escolar,Escolas,Federal,Ensino Fundamental,0.0
2709301,União dos Palmares,2023,censo_escolar,Matrícula,Privada,Ensino Fundamental,3850.0
2709301,União dos Palmares,2023,censo_escolar,Escolas,Privada,Ensino Fundamental,15.0
2709301,União dos Palmares,2023,censo_escolar,Matrícula,Pública,Ensino Fundamental,7150.0
2709301,União dos Palmares,2023,censo_escolar,Escolas,Pública,Ensino Fundamental,35.0
2709301,União dos Palmares,2023,censo_escolar,Escolas,Total,Ensino Fundamental,50.0
2709301,União dos Palmares,2023,censo_escolar,Matrícula,Estadual,Ensino Médio,1080.0
2709301,União dos Palmares,2023,censo_escolar,Escolas,Estadual,Ensino Médio,15.0
2709301,União dos Palmares,2023,censo_escolar,Matrícula,Municipal,Ensino Médio,1260.0
2709301,União dos Palmares,2023,censo_escolar,Escolas,Municipal,Ensino Médio,20.0
2709301,União dos Palmares,2023,censo_escolar,Matrícula,Federal,Ensino Médio,0.0
2709301,União dos Palmares,2023,censo_escolar,Escolas,Federal,Ensino Médio,0.0
2709301,União dos Palmares,2023,censo_escolar,Matrícula,Privada,Ensino Médio,1260.0
2709301,União dos Palmares,2023,censo_escolar,Escolas,Privada,Ensino Médio,15.0
2709301,União dos Palmares,2023,censo_escolar,Matrícula,Pública,Ensino Médio,2340.0
2709301,União dos Palmares,2023,censo_escolar,Escolas,Pública,Ensino Médio,35.0
2709301,União dos Palmares,2023,censo_escolar,Escolas,Total,Ensino Médio,50.0
2709301,União dos Palmares,2023,censo_escolar,Matrícula,Estadual,Educação de Jovens e Adultos (EJA),225.0
2709301,União dos Palmares,2023,censo_escolar,Escolas,Estadual,Educação de Jovens e Adultos (EJA),15.0
2709301,União dos Palmares,2023,censo_escolar,Matrícula,Municipal,Educação de Jovens e Adultos (EJA),263.0
2709301,União dos Palmares,2023,censo_escolar,Escolas,Municipal,Educação de Jovens e Adultos (EJA),20.0
2709301,União dos Palmares,2023,censo_escolar,Matrícula,Federal,Educação de Jovens e Adultos (EJA),0.0
2709301,União dos Palmares,2023,censo_escolar,Escolas,Federal,Educação de Jovens e Adultos (EJA),0.0
2709301,União dos Palmares,2023,censo_escolar,Matrícula,Privada,Educação de Jovens e Adultos (EJA),263.0
2709301,União dos Palmares,2023,censo_escolar,Escolas,Privada,Educação de Jovens e Adultos (EJA),15.0
2709301,União dos Palmares,2023,censo_escolar,Matrícula,Pública,Educação de Jovens e Adultos (EJA),488.0
2709301,União dos Palmares,2023,censo_escolar,Escolas,Pública,Educação de Jovens e Adultos (EJA),35.0
2709301,União dos Palmares,2023,censo_escolar,Escolas,Total,Educação de Jovens e Adultos (EJA),50.0
2709301,União dos Palmares,2023,censo_escolar,Matrícula,Estadual,Educação Profissional,135.0
2709301,União dos Palmares,2023,censo_escolar,Escolas,Estadual,Educação Profissional,15.0
2709301,União dos Palmares,2023,censo_escolar,Matrícula,Municipal,Educação Profissional,158.0
2709301,União dos Palmares,2023,censo_escolar,Escolas,Municipal,Educação Profissional,20.0
2709301,União dos Palmares,2023,censo_escolar,Matrícula,Federal,Educação Profissional,0.0
2709301,União dos Palmares,2023,censo_escolar,Escolas,Federal,Educação Profissional,0.0
2709301,União dos Palmares,2023,censo_escolar,Matrícula,Privada,Educação Profissional,158.0
2709301,União dos Palmares,2023,censo_escolar,Escolas,Privada,Educação Profissional,15.0
2709301,União dos Palmares,2023,censo_escolar,Matrícula,Pública,Educação Profissional,293.0
2709301,União dos Palmares,2023,censo_escolar,Escolas,Pública,Educação Profissional,35.0
2709301,União dos Palmares,2023,censo_escolar,Escolas,Total,Educação Profissional,50.0
2709301,União dos Palmares,2023,indicadores_rendimento,Taxa de Aprovação,Estadual,Ensino Fundamental,95.00
2709301,União dos Palmares,2023,indicadores_rendimento,Taxa de Reprovação,Estadual,Ensino Fundamental,3.50
2709301,União dos Palmares,2023,indicadores_rendimento,Taxa de Abandono,Estadual,Ensino Fundamental,1.50
2709301,União dos Palmares,2023,indicadores_rendimento,Taxa de Aprovação,Municipal,Ensino Fundamental,95.00
2709301,União dos Palmares,2023,indicadores_rendimento,Taxa de Reprovação,Municipal,Ensino Fundamental,3.50
2709301,União dos Palmares,2023,indicadores_rendimento,Taxa de Abandono,Municipal,Ensino Fundamental,1.50
2709301,União dos Palmares,2023,indicadores_rendimento,Taxa de Aprovação,Federal,Ensino Fundamental,95.00
2709301,União dos Palmares,2023,indicadores_rendimento,Taxa de Reprovação,Federal,Ensino Fundamental,3.50
2709301,União dos Palmares,2023,indicadores_rendimento,Taxa de Abandono,Federal,Ensino Fundamental,1.50
2709301,União dos Palmares,2023,indicadores_rendimento,Taxa de Aprovação,Privada,Ensino Fundamental,95.00
2709301,União dos Palmares,2023,indicadores_rendimento,Taxa de Reprovação,Privada,Ensino Fundamental,3.50
2709301,União dos Palmares,2023,indicadores_rendimento,Taxa de Abandono,Privada,Ensino Fundamental,1.50
2709301,União dos Palmares,2023,indicadores_rendimento,Taxa de Aprovação,Pública,Ensino Fundamental,95.00
2709301,União dos Palmares,2023,indicadores_rendimento,Taxa de Reprovação,Pública,Ensino Fundamental,3.50
2709301,União dos Palmares,2023,indicadores_rendimento,Taxa de Abandono,Pública,Ensino Fundamental,1.50
2709301,União dos Palmares,2023,indicadores_rendimento,Taxa de Reprovação,Total,Ensino Fundamental,3.15
2709301,União dos Palmares,2023,indicadores_rendimento,Taxa de Abandono,Total,Ensino Fundamental,1.35
2709301,União dos Palmares,2023,indicadores_rendimento,Taxa de Aprovação,Estadual,Ensino Médio,95.00
2709301,União dos Palmares,2023,indicadores_rendimento,Taxa de Reprovação,Estadual,Ensino Médio,3.50
2709301,União dos Palmares,2023,indicadores_rendimento,Taxa de Abandono,Estadual,Ensino Médio,1.50
2709301,União dos Palmares,2023,indicadores_rendimento,Taxa de Aprovação,Municipal,Ensino Médio,95.00
2709301,União dos Palmares,2023,indicadores_rendimento,Taxa de Reprovação,Municipal,Ensino Médio,3.50
2709301,União dos Palmares,2023,indicadores_rendimento,Taxa de Abandono,Municipal,Ensino Médio,1.50
2709301,União dos Palmares,2023,indicadores_rendimento,Taxa de Aprovação,Federal,Ensino Médio,95.00
2709301,União dos Palmares,2023,indicadores_rendimento,Taxa de Reprovação,Federal,Ensino Médio,3.50
2709301,União dos Palmares,2023,indicadores_rendimento,Taxa de Abandono,Federal,Ensino Médio,1.50
2709301,União dos Palmares,2023,indicadores_rendimento,Taxa de Aprovação,Privada,Ensino Médio,95.00
2709301,União dos Palmares,2023,indicadores_rendimento,Taxa de Reprovação,Privada,Ensino Médio,3.50
2709301,União dos Palmares,2023,indicadores_rendimento,Taxa de Abandono,Privada,Ensino Médio,1.50
2709301,União dos Palmares,2023,indicadores_rendimento,Taxa de Aprovação,Pública,Ensino Médio,95.00
2709301,União dos Palmares,2023,indicadores_rendimento,Taxa de Reprovação,Pública,Ensino Médio,3.50
2709301,União dos Palmares,2023,indicadores_rendimento,Taxa de Abandono,Pública,Ensino Médio,1.50
2709301,União dos Palmares,2023,indicadores_rendimento,Taxa de Aprovação,Total,Ensino Médio,95.00
2709301,União dos Palmares,2023,indicadores_rendimento,Taxa de Reprovação,Total,Ensino Médio,3.50
2709301,União dos Palmares,2023,indicadores_rendimento,Taxa de Abandono,Total,Ensino Médio,1.50
2707701,Rio Largo,2010,censo_escolar,Matrícula,Estadual,Educação Infantil,1500.0
2707701,Rio Largo,2010,censo_escolar,Escolas,Estadual,Educação Infantil,15.0
2707701,Rio Largo,2010,censo_escolar,Matrícula,Municipal,Educação Infantil,2000.0
2707701,Rio Largo,2010,censo_escolar,Escolas,Municipal,Educação Infantil,20.0
2707701,Rio Largo,2010,censo_escolar,Matrícula,Federal,Educação Infantil,0.0
2707701,Rio Largo,2010,censo_escolar,Escolas,Federal,Educação Infantil,0.0
2707701,Rio Largo,2010,censo_escolar,Matrícula,Privada,Educação Infantil,1500.0
2707701,Rio Largo,2010,censo_escolar,Escolas,Privada,Educação Infantil,15.0
2707701,Rio Largo,2010,censo_escolar,Matrícula,Pública,Educação Infantil,3500.0
2707701,Rio Largo,2010,censo_escolar,Escolas,Pública,Educação Infantil,35.0
2707701,Rio Largo,2010,censo_escolar,Matrícula,Total,Educação Infantil,5000.0
2707701,Rio Largo,2010,censo_escolar,Escolas,Total,Educação Infantil,50.0
2707701,Rio Largo,2010,censo_escolar,Matrícula,Estadual,Ensino Fundamental,1500.0
2707701,Rio Largo,2010,censo_escolar,Escolas,Estadual,Ensino Fundamental,15.0
2707701,Rio Largo,2010,censo_escolar,Matrícula,Municipal,Ensino Fundamental,2000.0
2707701,Rio Largo,2010,censo_escolar,Escolas,Municipal,Ensino Fundamental,20.0
2707701,Rio Largo,2010,censo_escolar,Matrícula,Federal,Ensino Fundamental,0.0
2707701,Rio Largo,2010,censo_escolar,Escolas,Federal,Ensino Fundamental,0.0
2707701,Rio Largo,2010,censo_escolar,Matrícula,Privada,Ensino Fundamental,1500.0
2707701,Rio Largo,2010,censo_escolar,Escolas,Privada,Ensino Fundamental,15.0
2707701,Rio Largo,2010,censo_escolar,Matrícula,Pública,Ensino Fundamental,3500.0
2707701,Rio Largo,2010,censo_escolar,Escolas,Pública,Ensino Fundamental,35.0
2707701,Rio Largo,2010,censo_escolar,Matrícula,Total,Ensino Fundamental,5000.0
2707701,Rio Largo,2010,censo_escolar,Escolas,Total,Ensino Fundamental,50.0
2707701,Rio Largo,2010,censo_escolar,Matrícula,Estadual,Ensino Médio,1500.0
2707701,Rio Largo,2010,censo_escolar,Escolas,Estadual,Ensino Médio,15.0
2707701,Rio Largo,2010,censo_escolar,Matrícula,Municipal,Ensino Médio,2000.0
2707701,Rio Largo,2010,censo_escolar,Escolas,Municipal,Ensino Médio,20.0
2707701,Rio Largo,2010,censo_escolar,Matrícula,Federal,Ensino Médio,0.0
2707701,Rio Largo,2010,censo_escolar,Escolas,Federal,Ensino Médio,0.0
2707701,Rio Largo,2010,censo_escolar,Matrícula,Privada,Ensino Médio,1500.0
2707701,Rio Largo,2010,censo_escolar,Escolas,Privada,Ensino Médio,15.0
2707701,Rio Largo,2010,censo_escolar,Matrícula,Pública,Ensino Médio,3500.0
2707701,Rio Largo,2010,censo_escolar,Escolas,Pública,Ensino Médio,35.0
2707701,Rio Largo,2010,censo_escolar,Matrícula,Total,Ensino Médio,5000.0
2707701,Rio Largo,2010,censo_escolar,Escolas,Total,Ensino Médio,50.0
2707701,Rio Largo,2010,censo_escolar,Matrícula,Estadual,Educação de Jovens e Adultos (EJA),1500.0
2707701,Rio Largo,2010,censo_escolar,Escolas,Estadual,Educação de Jovens e Adultos (EJA),15.0
2707701,Rio Largo,2010,censo_escolar,Matrícula,Municipal,Educação de Jovens e Adultos (EJA),2000.0
2707701,Rio Largo,2010,censo_escolar,Escolas,Municipal,Educação de Jovens e Adultos (EJA),20.0
2707701,Rio Largo,2010,censo_escolar,Matrícula,Federal,Educação de Jovens e Adultos (EJA),0.0
2707701,Rio Largo,2010,censo_escolar,Escolas,Federal,Educação de Jovens e Adultos (EJA),0.0
2707701,Rio Largo,2010,censo_escolar,Matrícula,Privada,Educação de Jovens e Adultos (EJA),1500.0
2707701,Rio Largo,2010,censo_escolar,Escolas,Privada,Educação de Jovens e Adultos (EJA),15.0
2707701,Rio Largo,2010,censo_escolar,Matrícula,Pública,Educação de Jovens e Adultos (EJA),3500.0
2707701,Rio Largo,2010,censo_escolar,Escolas,Pública,Educação de Jovens e Adultos (EJA),35.0
2707701,Rio Largo,2010,censo_escolar,Matrícula,Total,Educação de Jovens e Adultos (EJA),5000.0
2707701,Rio Largo,2010,censo_escolar,Escolas,Total,Educação de Jovens e Adultos (EJA),50.0
2707701,Rio Largo,2010,censo_escolar,Matrícula,Estadual,Educação Profissional,1500.0
2707701,Rio Largo,2010,censo_escolar,Escolas,Estadual,Educação Profissional,15.0
2707701,Rio Largo,2010,censo_escolar,Matrícula,Municipal,Educação Profissional,2000.0
2707701,Rio Largo,2010,censo_escolar,Escolas,Municipal,Educação Profissional,20.0
2707701,Rio Largo,2010,censo_escolar,Matrícula,Federal,Educação Profissional,0.0
2707701,Rio Largo,2010,censo_escolar,Escolas,Federal,Educação Profissional,0.0
2707701,Rio Largo,2010,censo_escolar,Matrícula,Privada,Educação Profissional,1500.0
2707701,Rio Largo,2010,censo_escolar,Escolas,Privada,Educação Profissional,15.0
2707701,Rio Largo,2010,censo_escolar,Matrícula,Pública,Educação Profissional,3500.0
2707701,Rio Largo,2010,censo_escolar,Escolas,Pública,Educação Profissional,35.0
2707701,Rio Largo,2010,censo_escolar,Matrícula,Total,Educação Profissional,5000.0
2707701,Rio Largo,2010,censo_escolar,Escolas,Total,Educação Profissional,50.0
2707701,Rio Largo,2010,indicadores_rendimento,Taxa de Aprovação,Estadual,Ensino Fundamental,95.00
2707701,Rio Largo,2010,indicadores_rendimento,Taxa de Reprovação,Estadual,Ensino Fundamental,3.50
2707701,Rio Largo,2010,indicadores_rendimento,Taxa de Abandono,Estadual,Ensino Fundamental,1.50
2707701,Rio Largo,2010,indicadores_rendimento,Taxa de Aprovação,Municipal,Ensino Fundamental,95.00
2707701,Rio Largo,2010,indicadores_rendimento,Taxa de Reprovação,Municipal,Ensino Fundamental,3.50
2707701,Rio Largo,2010,indicadores_rendimento,Taxa de Abandono,Municipal,Ensino Fundamental,1.50
2707701,Rio Largo,2010,indicadores_rendimento,Taxa de Aprovação,Federal,Ensino Fundamental,95.00
2707701,Rio Largo,2010,indicadores_rendimento,Taxa de Reprovação,Federal,Ensino Fundamental,3.50
2707701,Rio Largo,2010,indicadores_rendimento,Taxa de Abandono,Federal,Ensino Fundamental,1.50
2707701,Rio Largo,2010,indicadores_rendimento,Taxa de Aprovação,Privada,Ensino Fundamental,95.00
2707701,Rio Largo,2010,indicadores_rendimento,Taxa de Reprovação,Privada,Ensino Fundamental,3.50
2707701,Rio Largo,2010,indicadores_rendimento,Taxa de Abandono,Privada,Ensino Fundamental,1.50
2707701,Rio Largo,2010,indicadores_rendimento,Taxa de Aprovação,Pública,Ensino Fundamental,95.00
2707701,Rio Largo,2010,indicadores_rendimento,Taxa de Reprovação,Pública,Ensino Fundamental,3.50
2707701,Rio Largo,2010,indicadores_rendimento,Taxa de Abandono,Pública,Ensino Fundamental,1.50
2707701,Rio Largo,2010,indicadores_rendimento,Taxa de Aprovação,Total,Ensino Fundamental,95.00
2707701,Rio Largo,2010,indicadores_rendimento,Taxa de Reprovação,Total,Ensino Fundamental,3.50
2707701,Rio Largo,2010,indicadores_rendimento,Taxa de Abandono,Total,Ensino Fundamental,1.50
2707701,Rio Largo,2010,indicadores_rendimento,Taxa de Aprovação,Estadual,Ensino Médio,95.00
2707701,Rio Largo,2010,indicadores_rendimento,Taxa de Reprovação,Estadual,Ensino Médio,3.50
2707701,Rio Largo,2010,indicadores_rendimento,Taxa de Abandono,Estadual,Ensino Médio,1.50
2707701,Rio Largo,2010,indicadores_rendimento,Taxa de Aprovação,Municipal,Ensino Médio,95.00
2707701,Rio Largo,2010,indicadores_rendimento,Taxa de Reprovação,Municipal,Ensino Médio,3.50
2707701,Rio Largo,2010,indicadores_rendimento,Taxa de Abandono,Municipal,Ensino Médio,1.50
2707701,Rio Largo,2010,indicadores_rendimento,Taxa de Aprovação,Federal,Ensino Médio,95.00
2707701,Rio Largo,2010,indicadores_rendimento,Taxa de Reprovação,Federal,Ensino Médio,3.50
2707701,Rio Largo,2010,indicadores_rendimento,Taxa de Abandono,Federal,Ensino Médio,1.50
2707701,Rio Largo,2010,indicadores_rendimento,Taxa de Aprovação,Privada,Ensino Médio,95.00
2707701,Rio Largo,2010,indicadores_rendimento,Taxa de Reprovação,Privada,Ensino Médio,3.50
2707701,Rio Largo,2010,indicadores_rendimento,Taxa de Abandono,Privada,Ensino Médio,1.50
2707701,Rio Largo,2010,indicadores_rendimento,Taxa de Aprovação,Pública,Ensino Médio,95.00
2707701,Rio Largo,2010,indicadores_rendimento,Taxa de Reprovação,Pública,Ensino Médio,3.50
2707701,Rio Largo,2010,indicadores_rendimento,Taxa de Abandono,Pública,Ensino Médio,1.50
2707701,Rio Largo,2010,indicadores_rendimento,Taxa de Aprovação,Total,Ensino Médio,95.00
2707701,Rio Largo,2010,indicadores_rendimento,Taxa de Reprovação,Total,Ensino Médio,3.50
2707701,Rio Largo,2010,indicadores_rendimento,Taxa de Abandono,Total,Ensino Médio,1.50
2707701,Rio Largo,2010,censo_demografico,Pessoas Alfabetizadas,Não se aplica,Pessoas de 15 anos ou mais de idade,85000.0
2707701,Rio Largo,2010,censo_demografico,Pessoas Total,Não se aplica,Pessoas de 15 anos ou mais de idade,100000.0
2707701,Rio Largo,2010,censo_demografico,Taxa de Alfabetização,Não se aplica,Pessoas de 15 anos ou mais de idade,80.00
2707701,Rio Largo,2010,censo_demografico,Taxa de Analfabetismo,Não se aplica,Pessoas de 15 anos ou mais de idade,20.00
2707701,Rio Largo,2019,censo_escolar,Matrícula,Estadual,Educação Infantil,1590.0
2707701,Rio Largo,2019,censo_escolar,Escolas,Estadual,Educação Infantil,15.0
2707701,Rio Largo,2019,censo_escolar,Matrícula,Municipal,Educação Infantil,2000.0
2707701,Rio Largo,2019,censo_escolar,Escolas,Municipal,Educação Infantil,20.0
2707701,Rio Largo,2019,censo_escolar,Matrícula,Federal,Educação Infantil,0.0
2707701,Rio Largo,2019,censo_escolar,Escolas,Federal,Educação Infantil,0.0
2707701,Rio Largo,2019,censo_escolar,Matrícula,Privada,Educação Infantil,1500.0
2707701,Rio Largo,2019,censo_escolar,Escolas,Privada,Educação Infantil,15.0
2707701,Rio Largo,2019,censo_escolar,Matrícula,Pública,Educação Infantil,3590.0
2707701,Rio Largo,2019,censo_escolar,Escolas,Pública,Educação Infantil,35.0
2707701,Rio Largo,2019,censo_escolar,Matrícula,Total,Educação Infantil,5090.0
2707701,Rio Largo,2019,censo_escolar,Escolas,Total,Educação Infantil,50.0
2707701,Rio Largo,2019,censo_escolar,Matrícula,Estadual,Ensino Fundamental,1590.0
2707701,Rio Largo,2019,censo_escolar,Escolas,Estadual,Ensino Fundamental,15.0
2707701,Rio Largo,2019,censo_escolar,Matrícula,Municipal,Ensino Fundamental,2000.0
2707701,Rio Largo,2019,censo_escolar,Escolas,Municipal,Ensino Fundamental,20.0
2707701,Rio Largo,2019,censo_escolar,Matrícula,Federal,Ensino Fundamental,0.0
2707701,Rio Largo,2019,censo_escolar,Escolas,Federal,Ensino Fundamental,0.0
2707701,Rio Largo,2019,censo_escolar,Matrícula,Privada,Ensino Fundamental,1500.0
2707701,Rio Largo,2019,censo_escolar,Escolas,Privada,Ensino Fundamental,15.0
2707701,Rio Largo,2019,censo_escolar,Matrícula,Pública,Ensino Fundamental,3590.0
2707701,Rio Largo,2019,censo_escolar,Escolas,Pública,Ensino Fundamental,35.0
2707701,Rio Largo,2019,censo_escolar,Matrícula,Total,Ensino Fundamental,5090.0
2707701,Rio Largo,2019,censo_escolar,Escolas,Total,Ensino Fundamental,50.0
2707701,Rio Largo,2019,censo_escolar,Matrícula,Estadual,Ensino Médio,1590.0
2707701,Rio Largo,2019,censo_escolar,Escolas,Estadual,Ensino Médio,15.0
2707701,Rio Largo,2019,censo_escolar,Matrícula,Municipal,Ensino Médio,2000.0
2707701,Rio Largo,2019,censo_escolar,Escolas,Municipal,Ensino Médio,20.0
2707701,Rio Largo,2019,censo_escolar,Matrícula,Federal,Ensino Médio,0.0
2707701,Rio Largo,2019,censo_escolar,Escolas,Federal,Ensino Médio,0.0
2707701,Rio Largo,2019,censo_escolar,Matrícula,Privada,Ensino Médio,1500.0
2707701,Rio Largo,2019,censo_escolar,Escolas,Privada,Ensino Médio,15.0
2707701,Rio Largo,2019,censo_escolar,Matrícula,Pública,Ensino Médio,3590.0
2707701,Rio Largo,2019,censo_escolar,Escolas,Pública,Ensino Médio,35.0
2707701,Rio Largo,2019,censo_escolar,Matrícula,Total,Ensino Médio,5090.0
2707701,Rio Largo,2019,censo_escolar,Escolas,Total,Ensino Médio,50.0
2707701,Rio Largo,2019,censo_escolar,Matrícula,Estadual,Educação de Jovens e Adultos (EJA),1590.0
2707701,Rio Largo,2019,censo_escolar,Escolas,Estadual,Educação de Jovens e Adultos (EJA),15.0
2707701,Rio Largo,2019,censo_escolar,Matrícula,Municipal,Educação de Jovens e Adultos (EJA),2000.0
2707701,Rio Largo,2019,censo_escolar,Escolas,Municipal,Educação de Jovens e Adultos (EJA),20.0
2707701,Rio Largo,2019,censo_escolar,Matrícula,Federal,Educação de Jovens e Adultos (EJA),0.0
2707701,Rio Largo,2019,censo_escolar,Escolas,Federal,Educação de Jovens e Adultos (EJA),0.0
2707701,Rio Largo,2019,censo_escolar,Matrícula,Privada,Educação de Jovens e Adultos (EJA),1500.0
2707701,Rio Largo,2019,censo_escolar,Escolas,Privada,Educação de Jovens e Adultos (EJA),15.0
2707701,Rio Largo,2019,censo_escolar,Matrícula,Pública,Educação de Jovens e Adultos (EJA),3590.0
2707701,Rio Largo,2019,censo_escolar,Escolas,Pública,Educação de Jovens e Adultos (EJA),35.0
2707701,Rio Largo,2019,censo_escolar,Matrícula,Total,Educação de Jovens e Adultos (EJA),5090.0
2707701,Rio Largo,2019,censo_escolar,Escolas,Total,Educação de Jovens e Adultos (EJA),50.0
2707701,Rio Largo,2019,censo_escolar,Matrícula,Estadual,Educação Profissional,1590.0
2707701,Rio Largo,2019,censo_escolar,Escolas,Estadual,Educação Profissional,15.0
2707701,Rio Largo,2019,censo_escolar,Matrícula,Municipal,Educação Profissional,2000.0
2707701,Rio Largo,2019,censo_escolar,Escolas,Municipal,Educação Profissional,20.0
2707701,Rio Largo,2019,censo_escolar,Matrícula,Federal,Educação Profissional,0.0
2707701,Rio Largo,2019,censo_escolar,Escolas,Federal,Educação Profissional,0.0
2707701,Rio Largo,2019,censo_escolar,Matrícula,Privada,Educação Profissional,1500.0
2707701,Rio Largo,2019,censo_escolar,Escolas,Privada,Educação Profissional,15.0
2707701,Rio Largo,2019,censo_escolar,Matrícula,Pública,Educação Profissional,3590.0
2707701,Rio Largo,2019,censo_escolar,Escolas,Pública,Educação Profissional,35.0
2707701,Rio Largo,2019,censo_escolar,Matrícula,Total,Educação Profissional,5090.0
2707701,Rio Largo,2019,censo_escolar,Escolas,Total,Educação Profissional,50.0
2707701,Rio Largo,2019,indicadores_rendimento,Taxa de Aprovação,Estadual,Ensino Fundamental,95.00
2707701,Rio Largo,2019,indicadores_rendimento,Taxa de Reprovação,Estadual,Ensino Fundamental,3.50
2707701,Rio Largo,2019,indicadores_rendimento,Taxa de Abandono,Estadual,Ensino Fundamental,1.50
2707701,Rio Largo,2019,indicadores_rendimento,Taxa de Aprovação,Municipal,Ensino Fundamental,95.00
2707701,Rio Largo,2019,indicadores_rendimento,Taxa de Reprovação,Municipal,Ensino Fundamental,3.50
2707701,Rio Largo,2019,indicadores_rendimento,Taxa de Abandono,Municipal,Ensino Fundamental,1.50
2707701,Rio Largo,2019,indicadores_rendimento,Taxa de Aprovação,Federal,Ensino Fundamental,95.00
2707701,Rio Largo,2019,indicadores_rendimento,Taxa de Reprovação,Federal,Ensino Fundamental,3.50
2707701,Rio Largo,2019,indicadores_rendimento,Taxa de Abandono,Federal,Ensino Fundamental,1.50
2707701,Rio Largo,2019,indicadores_rendimento,Taxa de Aprovação,Privada,Ensino Fundamental,95.00
2707701,Rio Largo,2019,indicadores_rendimento,Taxa de Reprovação,Privada,Ensino Fundamental,3.50
2707701,Rio Largo,2019,indicadores_rendimento,Taxa de Abandono,Privada,Ensino Fundamental,1.50
2707701,Rio Largo,2019,indicadores_rendimento,Taxa de Aprovação,Pública,Ensino Fundamental,95.00
2707701,Rio Largo,2019,indicadores_rendimento,Taxa de Reprovação,Pública,Ensino Fundamental,3.50
2707701,Rio Largo,2019,indicadores_rendimento,Taxa de Abandono,Pública,Ensino Fundamental,1.50
2707701,Rio Largo,2019,indicadores_rendimento,Taxa de Aprovação,Total,Ensino Fundamental,95.00
2707701,Rio Largo,2019,indicadores_rendimento,Taxa de Reprovação,Total,Ensino Fundamental,3.50
2707701,Rio Largo,2019,indicadores_rendimento,Taxa de Abandono,Total,Ensino Fundamental,1.50
2707701,Rio Largo,2019,indicadores_rendimento,Taxa de Aprovação,Estadual,Ensino Médio,95.00
2707701,Rio Largo,2019,indicadores_rendimento,Taxa de Reprovação,Estadual,Ensino Médio,3.50
2707701,Rio Largo,2019,indicadores_rendimento,Taxa de Abandono,Estadual,Ensino Médio,1.50
2707701,Rio Largo,2019,indicadores_rendimento,Taxa de Aprovação,Municipal,Ensino Médio,95.00
2707701,Rio Largo,2019,indicadores_rendimento,Taxa de Reprovação,Municipal,Ensino Médio,3.50
2707701,Rio Largo,2019,indicadores_rendimento,Taxa de Abandono,Municipal,Ensino Médio,1.50
2707701,Rio Largo,2019,indicadores_rendimento,Taxa de Aprovação,Federal,Ensino Médio,95.00
2707701,Rio Largo,2019,indicadores_rendimento,Taxa de Reprovação,Federal,Ensino Médio,3.50
2707701,Rio Largo,2019,indicadores_rendimento,Taxa de Abandono,Federal,Ensino Médio,1.50
2707701,Rio Largo,2019,indicadores_rendimento,Taxa de Aprovação,Privada,Ensino Médio,95.00
2707701,Rio Largo,2019,indicadores_rendimento,Taxa de Reprovação,Privada,Ensino Médio,3.50
2707701,Rio Largo,2019,indicadores_rendimento,Taxa de Abandono,Privada,Ensino Médio,1.50
2707701,Rio Largo,2019,indicadores_rendimento,Taxa de Aprovação,Pública,Ensino Médio,95.00
2707701,Rio Largo,2019,indicadores_rendimento,Taxa de Reprovação,Pública,Ensino Médio,3.50
2707701,Rio Largo,2019,indicadores_rendimento,Taxa de Abandono,Pública,Ensino Médio,1.50
2707701,Rio Largo,2019,indicadores_rendimento,Taxa de Aprovação,Total,Ensino Médio,95.00
2707701,Rio Largo,2019,indicadores_rendimento,Taxa de Reprovação,Total,Ensino Médio,3.50
2707701,Rio Largo,2019,indicadores_rendimento,Taxa de Abandono,Total,Ensino Médio,1.50
2707701,Rio Largo,2021,censo_escolar,Matrícula,Estadual,Educação Infantil,1610.0
2707701,Rio Largo,2021,censo_escolar,Escolas,Estadual,Educação Infantil,15.0
2707701,Rio Largo,2021,censo_escolar,Matrícula,Municipal,Educação Infantil,2000.0
2707701,Rio Largo,2021,censo_escolar,Escolas,Municipal,Educação Infantil,20.0
2707701,Rio Largo,2021,censo_escolar,Matrícula,Federal,Educação Infantil,0.0
2707701,Rio Largo,2021,censo_escolar,Escolas,Federal,Educação Infantil,0.0
2707701,Rio Largo,2021,censo_escolar,Matrícula,Privada,Educação Infantil,1500.0
2707701,Rio Largo,2021,censo_escolar,Escolas,Privada,Educação Infantil,15.0
2707701,Rio Largo,2021,censo_escolar,Matrícula,Pública,Educação Infantil,3610.0
2707701,Rio Largo,2021,censo_escolar,Escolas,Pública,Educação Infantil,35.0
2707701,Rio Largo,2021,censo_escolar,Matrícula,Total,Educação Infantil,5110.0
2707701,Rio Largo,2021,censo_escolar,Escolas,Total,Educação Infantil,50.0
2707701,Rio Largo,2021,censo_escolar,Matrícula,Estadual,Ensino Fundamental,1610.0
2707701,Rio Largo,2021,censo_escolar,Escolas,Estadual,Ensino Fundamental,15.0
2707701,Rio Largo,2021,censo_escolar,Matrícula,Municipal,Ensino Fundamental,2000.0
2707701,Rio Largo,2021,censo_escolar,Escolas,Municipal,Ensino Fundamental,20.0
2707701,Rio Largo,2021,censo_escolar,Matrícula,Federal,Ensino Fundamental,0.0
2707701,Rio Largo,2021,censo_escolar,Escolas,Federal,Ensino Fundamental,0.0
2707701,Rio Largo,2021,censo_escolar,Matrícula,Privada,Ensino Fundamental,1500.0
2707701,Rio Largo,2021,censo_escolar,Escolas,Privada,Ensino Fundamental,15.0
2707701,Rio Largo,2021,censo_escolar,Matrícula,Pública,Ensino Fundamental,3610.0
2707701,Rio Largo,2021,censo_escolar,Escolas,Pública,Ensino Fundamental,35.0
2707701,Rio Largo,2021,censo_escolar,Matrícula,Total,Ensino Fundamental,5110.0
2707701,Rio Largo,2021,censo_escolar,Escolas,Total,Ensino Fundamental,50.0
2707701,Rio Largo,2021,censo_escolar,Matrícula,Estadual,Ensino Médio,1610.0
2707701,Rio Largo,2021,censo_escolar,Escolas,Estadual,Ensino Médio,15.0
2707701,Rio Largo,2021,censo_escolar,Matrícula,Municipal,Ensino Médio,2000.0
2707701,Rio Largo,2021,censo_escolar,Escolas,Municipal,Ensino Médio,20.0
2707701,Rio Largo,2021,censo_escolar,Matrícula,Federal,Ensino Médio,0.0
2707701,Rio Largo,2021,censo_escolar,Escolas,Federal,Ensino Médio,0.0
2707701,Rio Largo,2021,censo_escolar,Matrícula,Privada,Ensino Médio,1500.0
2707701,Rio Largo,2021,censo_escolar,Escolas,Privada,Ensino Médio,15.0
2707701,Rio Largo,2021,censo_escolar,Matrícula,Pública,Ensino Médio,3610.0
2707701,Rio Largo,2021,censo_escolar,Escolas,Pública,Ensino Médio,35.0
2707701,Rio Largo,2021,censo_escolar,Matrícula,Total,Ensino Médio,5110.0
2707701,Rio Largo,2021,censo_escolar,Escolas,Total,Ensino Médio,50.0
2707701,Rio Largo,2021,censo_escolar,Matrícula,Estadual,Educação de Jovens e Adultos (EJA),1610.0
2707701,Rio Largo,2021,censo_escolar,Escolas,Estadual,Educação de Jovens e Adultos (EJA),15.0
2707701,Rio Largo,2021,censo_escolar,Matrícula,Municipal,Educação de Jovens e Adultos (EJA),2000.0
2707701,Rio Largo,2021,censo_escolar,Escolas,Municipal,Educação de Jovens e Adultos (EJA),20.0
2707701,Rio Largo,2021,censo_escolar,Matrícula,Federal,Educação de Jovens e Adultos (EJA),0.0
2707701,Rio Largo,2021,censo_escolar,Escolas,Federal,Educação de Jovens e Adultos (EJA),0.0
2707701,Rio Largo,2021,censo_escolar,Matrícula,Privada,Educação de Jovens e Adultos (EJA),1500.0
2707701,Rio Largo,2021,censo_escolar,Escolas,Privada,Educação de Jovens e Adultos (EJA),15.0
2707701,Rio Largo,2021,censo_escolar,Matrícula,Pública,Educação de Jovens e Adultos (EJA),3610.0
2707701,Rio Largo,2021,censo_escolar,Escolas,Pública,Educação de Jovens e Adultos (EJA),35.0
2707701,Rio Largo,2021,censo_escolar,Matrícula,Total,Educação de Jovens e Adultos (EJA),5110.0
2707701,Rio Largo,2021,censo_escolar,Escolas,Total,Educação de Jovens e Adultos (EJA),50.0
2707701,Rio Largo,2021,censo_escolar,Matrícula,Estadual,Educação Profissional,1610.0
2707701,Rio Largo,2021,censo_escolar,Escolas,Estadual,Educação Profissional,15.0
2707701,Rio Largo,2021,censo_escolar,Matrícula,Municipal,Educação Profissional,2000.0
2707701,Rio Largo,2021,censo_escolar,Escolas,Municipal,Educação Profissional,20.0
2707701,Rio Largo,2021,censo_escolar,Matrícula,Federal,Educação Profissional,0.0
2707701,Rio Largo,2021,censo_escolar,Escolas,Federal,Educação Profissional,0.0
2707701,Rio Largo,2021,censo_escolar,Matrícula,Privada,Educação Profissional,1500.0
2707701,Rio Largo,2021,censo_escolar,Escolas,Privada,Educação Profissional,15.0
2707701,Rio Largo,2021,censo_escolar,Matrícula,Pública,Educação Profissional,3610.0
2707701,Rio Largo,2021,censo_escolar,Escolas,Pública,Educação Profissional,35.0
2707701,Rio Largo,2021,censo_escolar,Matrícula,Total,Educação Profissional,5110.0
2707701,Rio Largo,2021,censo_escolar,Escolas,Total,Educação Profissional,50.0
2707701,Rio Largo,2021,indicadores_rendimento,Taxa de Aprovação,Estadual,Ensino Fundamental,95.00
2707701,Rio Largo,2021,indicadores_rendimento,Taxa de Reprovação,Estadual,Ensino Fundamental,3.50
2707701,Rio Largo,2021,indicadores_rendimento,Taxa de Abandono,Estadual,Ensino Fundamental,1.50
2707701,Rio Largo,2021,indicadores_rendimento,Taxa de Aprovação,Municipal,Ensino Fundamental,95.00
2707701,Rio Largo,2021,indicadores_rendimento,Taxa de Reprovação,Municipal,Ensino Fundamental,3.50
2707701,Rio Largo,2021,indicadores_rendimento,Taxa de Abandono,Municipal,Ensino Fundamental,1.50
2707701,Rio Largo,2021,indicadores_rendimento,Taxa de Aprovação,Federal,Ensino Fundamental,95.00
2707701,Rio Largo,2021,indicadores_rendimento,Taxa de Reprovação,Federal,Ensino Fundamental,3.50
2707701,Rio Largo,2021,indicadores_rendimento,Taxa de Abandono,Federal,Ensino Fundamental,1.50
2707701,Rio Largo,2021,indicadores_rendimento,Taxa de Aprovação,Privada,Ensino Fundamental,95.00
2707701,Rio Largo,2021,indicadores_rendimento,Taxa de Reprovação,Privada,Ensino Fundamental,3.50
2707701,Rio Largo,2021,indicadores_rendimento,Taxa de Abandono,Privada,Ensino Fundamental,1.50
2707701,Rio Largo,2021,indicadores_rendimento,Taxa de Aprovação,Pública,Ensino Fundamental,95.00
2707701,Rio Largo,2021,indicadores_rendimento,Taxa de Reprovação,Pública,Ensino Fundamental,3.50
2707701,Rio Largo,2021,indicadores_rendimento,Taxa de Abandono,Pública,Ensino Fundamental,1.50
2707701,Rio Largo,2021,indicadores_rendimento,Taxa de Aprovação,Total,Ensino Fundamental,95.00
2707701,Rio Largo,2021,indicadores_rendimento,Taxa de Reprovação,Total,Ensino Fundamental,3.50
2707701,Rio Largo,2021,indicadores_rendimento,Taxa de Abandono,Total,Ensino Fundamental,1.50
2707701,Rio Largo,2021,indicadores_rendimento,Taxa de Aprovação,Estadual,Ensino Médio,95.00
2707701,Rio Largo,2021,indicadores_rendimento,Taxa de Reprovação,Estadual,Ensino Médio,3.50
2707701,Rio Largo,2021,indicadores_rendimento,Taxa de Abandono,Estadual,Ensino Médio,1.50
2707701,Rio Largo,2021,indicadores_rendimento,Taxa de Aprovação,Municipal,Ensino Médio,95.00
2707701,Rio Largo,2021,indicadores_rendimento,Taxa de Reprovação,Municipal,Ensino Médio,3.50
2707701,Rio Largo,2021,indicadores_rendimento,Taxa de Abandono,Municipal,Ensino Médio,1.50
2707701,Rio Largo,2021,indicadores_rendimento,Taxa de Aprovação,Federal,Ensino Médio,95.00
2707701,Rio Largo,2021,indicadores_rendimento,Taxa de Reprovação,Federal,Ensino Médio,3.50
2707701,Rio Largo,2021,indicadores_rendimento,Taxa de Abandono,Federal,Ensino Médio,1.50
2707701,Rio Largo,2021,indicadores_rendimento,Taxa de Aprovação,Privada,Ensino Médio,95.00
2707701,Rio Largo,2021,indicadores_rendimento,Taxa de Reprovação,Privada,Ensino Médio,3.50
2707701,Rio Largo,2021,indicadores_rendimento,Taxa de Abandono,Privada,Ensino Médio,1.50
2707701,Rio Largo,2021,indicadores_rendimento,Taxa de Aprovação,Pública,Ensino Médio,95.00
2707701,Rio Largo,2021,indicadores_rendimento,Taxa de Reprovação,Pública,Ensino Médio,3.50
2707701,Rio Largo,2021,indicadores_rendimento,Taxa de Abandono,Pública,Ensino Médio,1.50
2707701,Rio Largo,2021,indicadores_rendimento,Taxa de Aprovação,Total,Ensino Médio,95.00
2707701,Rio Largo,2021,indicadores_rendimento,Taxa de Reprovação,Total,Ensino Médio,3.50
2707701,Rio Largo,2021,indicadores_rendimento,Taxa de Abandono,Total,Ensino Médio,1.50
2707701,Rio Largo,2022,censo_escolar,Matrícula,Estadual,Educação Infantil,1620.0
2707701,Rio Largo,2022,censo_escolar,Escolas,Estadual,Educação Infantil,15.0
2707701,Rio Largo,2022,censo_escolar,Matrícula,Municipal,Educação Infantil,2000.0
2707701,Rio Largo,2022,censo_escolar,Escolas,Municipal,Educação Infantil,20.0
2707701,Rio Largo,2022,censo_escolar,Matrícula,Federal,Educação Infantil,0.0
2707701,Rio Largo,2022,censo_escolar,Escolas,Federal,Educação Infantil,0.0
2707701,Rio Largo,2022,censo_escolar,Matrícula,Privada,Educação Infantil,1500.0
2707701,Rio Largo,2022,censo_escolar,Escolas,Privada,Educação Infantil,15.0
2707701,Rio Largo,2022,censo_escolar,Matrícula,Pública,Educação Infantil,3620.0
2707701,Rio Largo,2022,censo_escolar,Escolas,Pública,Educação Infantil,35.0
2707701,Rio Largo,2022,censo_escolar,Matrícula,Total,Educação Infantil,5120.0
2707701,Rio Largo,2022,censo_escolar,Escolas,Total,Educação Infantil,50.0
2707701,Rio Largo,2022,censo_escolar,Matrícula,Estadual,Ensino Fundamental,1620.0
2707701,Rio Largo,2022,censo_escolar,Escolas,Estadual,Ensino Fundamental,15.0
2707701,Rio Largo,2022,censo_escolar,Matrícula,Municipal,Ensino Fundamental,2000.0
2707701,Rio Largo,2022,censo_escolar,Escolas,Municipal,Ensino Fundamental,20.0
2707701,Rio Largo,2022,censo_escolar,Matrícula,Federal,Ensino Fundamental,0.0
2707701,Rio Largo,2022,censo_escolar,Escolas,Federal,Ensino Fundamental,0.0
2707701,Rio Largo,2022,censo_escolar,Matrícula,Privada,Ensino Fundamental,1500.0
2707701,Rio Largo,2022,censo_escolar,Escolas,Privada,Ensino Fundamental,15.0
2707701,Rio Largo,2022,censo_escolar,Matrícula,Pública,Ensino Fundamental,3620.0
2707701,Rio Largo,2022,censo_escolar,Escolas,Pública,Ensino Fundamental,35.0
2707701,Rio Largo,2022,censo_escolar,Matrícula,Total,Ensino Fundamental,5120.0
2707701,Rio Largo,2022,censo_escolar,Escolas,Total,Ensino Fundamental,50.0
2707701,Rio Largo,2022,censo_escolar,Matrícula,Estadual,Ensino Médio,1620.0
2707701,Rio Largo,2022,censo_escolar,Escolas,Estadual,Ensino Médio,15.0
2707701,Rio Largo,2022,censo_escolar,Matrícula,Municipal,Ensino Médio,2000.0
2707701,Rio Largo,2022,censo_escolar,Escolas,Municipal,Ensino Médio,20.0
2707701,Rio Largo,2022,censo_escolar,Matrícula,Federal,Ensino Médio,0.0
2707701,Rio Largo,2022,censo_escolar,Escolas,Federal,Ensino Médio,0.0
2707701,Rio Largo,2022,censo_escolar,Matrícula,Privada,Ensino Médio,1500.0
2707701,Rio Largo,2022,censo_escolar,Escolas,Privada,Ensino Médio,15.0
2707701,Rio Largo,2022,censo_escolar,Matrícula,Pública,Ensino Médio,3620.0
2707701,Rio Largo,2022,censo_escolar,Escolas,Pública,Ensino Médio,35.0
2707701,Rio Largo,2022,censo_escolar,Matrícula,Total,Ensino Médio,5120.0
2707701,Rio Largo,2022,censo_escolar,Escolas,Total,Ensino Médio,50.0
2707701,Rio Largo,2022,censo_escolar,Matrícula,Estadual,Educação de Jovens e Adultos (EJA),1620.0
2707701,Rio Largo,2022,censo_escolar,Escolas,Estadual,Educação de Jovens e Adultos (EJA),15.0
2707701,Rio Largo,2022,censo_escolar,Matrícula,Municipal,Educação de Jovens e Adultos (EJA),2000.0
2707701,Rio Largo,2022,censo_escolar,Escolas,Municipal,Educação de Jovens e Adultos (EJA),20.0
2707701,Rio Largo,2022,censo_escolar,Matrícula,Federal,Educação de Jovens e Adultos (EJA),0.0
2707701,Rio Largo,2022,censo_escolar,Escolas,Federal,Educação de Jovens e Adultos (EJA),0.0
2707701,Rio Largo,2022,censo_escolar,Matrícula,Privada,Educação de Jovens e Adultos (EJA),1500.0
2707701,Rio Largo,2022,censo_escolar,Escolas,Privada,Educação de Jovens e Adultos (EJA),15.0
2707701,Rio Largo,2022,censo_escolar,Matrícula,Pública,Educação de Jovens e Adultos (EJA),3620.0
2707701,Rio Largo,2022,censo_escolar,Escolas,Pública,Educação de Jovens e Adultos (EJA),35.0
2707701,Rio Largo,2022,censo_escolar,Matrícula,Total,Educação de Jovens e Adultos (EJA),5120.0
2707701,Rio Largo,2022,censo_escolar,Escolas,Total,Educação de Jovens e Adultos (EJA),50.0
2707701,Rio Largo,2022,censo_escolar,Matrícula,Estadual,Educação Profissional,1620.0
2707701,Rio Largo,2022,censo_escolar,Escolas,Estadual,Educação Profissional,15.0
2707701,Rio Largo,2022,censo_escolar,Matrícula,Municipal,Educação Profissional,2000.0
2707701,Rio Largo,2022,censo_escolar,Escolas,Municipal,Educação Profissional,20.0
2707701,Rio Largo,2022,censo_escolar,Matrícula,Federal,Educação Profissional,0.0
2707701,Rio Largo,2022,censo_escolar,Escolas,Federal,Educação Profissional,0.0
2707701,Rio Largo,2022,censo_escolar,Matrícula,Privada,Educação Profissional,1500.0
2707701,Rio Largo,2022,censo_escolar,Escolas,Privada,Educação Profissional,15.0
2707701,Rio Largo,2022,censo_escolar,Matrícula,Pública,Educação Profissional,3620.0
2707701,Rio Largo,2022,censo_escolar,Escolas,Pública,Educação Profissional,35.0
2707701,Rio Largo,2022,censo_escolar,Matrícula,Total,Educação Profissional,5120.0
2707701,Rio Largo,2022,censo_escolar,Escolas,Total,Educação Profissional,50.0
2707701,Rio Largo,2022,indicadores_rendimento,Taxa de Aprovação,Estadual,Ensino Fundamental,95.00
2707701,Rio Largo,2022,indicadores_rendimento,Taxa de Reprovação,Estadual,Ensino Fundamental,3.50
2707701,Rio Largo,2022,indicadores_rendimento,Taxa de Abandono,Estadual,Ensino Fundamental,1.50
2707701,Rio Largo,2022,indicadores_rendimento,Taxa de Aprovação,Municipal,Ensino Fundamental,95.00
2707701,Rio Largo,2022,indicadores_rendimento,Taxa de Reprovação,Municipal,Ensino Fundamental,3.50
2707701,Rio Largo,2022,indicadores_rendimento,Taxa de Abandono,Municipal,Ensino Fundamental,1.50
2707701,Rio Largo,2022,indicadores_rendimento,Taxa de Aprovação,Federal,Ensino Fundamental,95.00
2707701,Rio Largo,2022,indicadores_rendimento,Taxa de Reprovação,Federal,Ensino Fundamental,3.50
2707701,Rio Largo,2022,indicadores_rendimento,Taxa de Abandono,Federal,Ensino Fundamental,1.50
2707701,Rio Largo,2022,indicadores_rendimento,Taxa de Aprovação,Privada,Ensino Fundamental,95.00
2707701,Rio Largo,2022,indicadores_rendimento,Taxa de Reprovação,Privada,Ensino Fundamental,3.50
2707701,Rio Largo,2022,indicadores_rendimento,Taxa de Abandono,Privada,Ensino Fundamental,1.50
2707701,Rio Largo,2022,indicadores_rendimento,Taxa de Aprovação,Pública,Ensino Fundamental,95.00
2707701,Rio Largo,2022,indicadores_rendimento,Taxa de Reprovação,Pública,Ensino Fundamental,3.50
2707701,Rio Largo,2022,indicadores_rendimento,Taxa de Abandono,Pública,Ensino Fundamental,1.50
2707701,Rio Largo,2022,indicadores_rendimento,Taxa de Aprovação,Total,Ensino Fundamental,95.00
2707701,Rio Largo,2022,indicadores_rendimento,Taxa de Reprovação,Total,Ensino Fundamental,3.50
2707701,Rio Largo,2022,indicadores_rendimento,Taxa de Abandono,Total,Ensino Fundamental,1.50
2707701,Rio Largo,2022,indicadores_rendimento,Taxa de Aprovação,Estadual,Ensino Médio,95.00
2707701,Rio Largo,2022,indicadores_rendimento,Taxa de Reprovação,Estadual,Ensino Médio,3.50
2707701,Rio Largo,2022,indicadores_rendimento,Taxa de Abandono,Estadual,Ensino Médio,1.50
2707701,Rio Largo,2022,indicadores_rendimento,Taxa de Aprovação,Municipal,Ensino Médio,95.00
2707701,Rio Largo,2022,indicadores_rendimento,Taxa de Reprovação,Municipal,Ensino Médio,3.50
2707701,Rio Largo,2022,indicadores_rendimento,Taxa de Abandono,Municipal,Ensino Médio,1.50
2707701,Rio Largo,2022,indicadores_rendimento,Taxa de Aprovação,Federal,Ensino Médio,95.00
2707701,Rio Largo,2022,indicadores_rendimento,Taxa de Reprovação,Federal,Ensino Médio,3.50
2707701,Rio Largo,2022,indicadores_rendimento,Taxa de Abandono,Federal,Ensino Médio,1.50
2707701,Rio Largo,2022,indicadores_rendimento,Taxa de Aprovação,Privada,Ensino Médio,95.00
2707701,Rio Largo,2022,indicadores_rendimento,Taxa de Reprovação,Privada,Ensino Médio,3.50
2707701,Rio Largo,2022,indicadores_rendimento,Taxa de Abandono,Privada,Ensino Médio,1.50
2707701,Rio Largo,2022,indicadores_rendimento,Taxa de Aprovação,Pública,Ensino Médio,95.00
2707701,Rio Largo,2022,indicadores_rendimento,Taxa de Reprovação,Pública,Ensino Médio,3.50
2707701,Rio Largo,2022,indicadores_rendimento,Taxa de Abandono,Pública,Ensino Médio,1.50
2707701,Rio Largo,2022,indicadores_rendimento,Taxa de Aprovação,Total,Ensino Médio,95.00
2707701,Rio Largo,2022,indicadores_rendimento,Taxa de Reprovação,Total,Ensino Médio,3.50
2707701,Rio Largo,2022,indicadores_rendimento,Taxa de Abandono,Total,Ensino Médio,1.50
2707701,Rio Largo,2022,censo_demografico,Pessoas Alfabetizadas,Não se aplica,Pessoas de 15 anos ou mais de idade,85000.0
2707701,Rio Largo,2022,censo_demografico,Pessoas Total,Não se aplica,Pessoas de 15 anos ou mais de idade,100000.0
2707701,Rio Largo,2022,censo_demografico,Taxa de Alfabetização,Não se aplica,Pessoas de 15 anos ou mais de idade,85.00
2707701,Rio Largo,2022,censo_demografico,Taxa de Analfabetismo,Não se aplica,Pessoas de 15 anos ou mais de idade,15.00
2707701,Rio Largo,2023,censo_escolar,Matrícula,Estadual,Educação Infantil,960.0
2707701,Rio Largo,2023,censo_escolar,Escolas,Estadual,Educação Infantil,15.0
2707701,Rio Largo,2023,censo_escolar,Matrícula,Municipal,Educação Infantil,1120.0
2707701,Rio Largo,2023,censo_escolar,Escolas,Municipal,Educação Infantil,20.0
2707701,Rio Largo,2023,censo_escolar,Matrícula,Federal,Educação Infantil,0.0
2707701,Rio Largo,2023,censo_escolar,Escolas,Federal,Educação Infantil,0.0
2707701,Rio Largo,2023,censo_escolar,Matrícula,Privada,Educação Infantil,1120.0
2707701,Rio Largo,2023,censo_escolar,Escolas,Privada,Educação Infantil,15.0
2707701,Rio Largo,2023,censo_escolar,Matrícula,Pública,Educação Infantil,2080.0
2707701,Rio Largo,2023,censo_escolar,Escolas,Pública,Educação Infantil,35.0
2707701,Rio Largo,2023,censo_escolar,Escolas,Total,Educação Infantil,50.0
2707701,Rio Largo,2023,censo_escolar,Matrícula,Estadual,Ensino Fundamental,4500.0
2707701,Rio Largo,2023,censo_escolar,Escolas,Estadual,Ensino Fundamental,15.0
2707701,Rio Largo,2023,censo_escolar,Matrícula,Municipal,Ensino Fundamental,5250.0
2707701,Rio Largo,2023,censo_escolar,Escolas,Municipal,Ensino Fundamental,20.0
2707701,Rio Largo,2023,censo_escolar,Matrícula,Federal,Ensino Fundamental,0.0
2707701,Rio Largo,2023,censo_escolar,Escolas,Federal,Ensino Fundamental,0.0
2707701,Rio Largo,2023,censo_escolar,Matrícula,Privada,Ensino Fundamental,5250.0
2707701,Rio Largo,2023,censo_escolar,Escolas,Privada,Ensino Fundamental,15.0
2707701,Rio Largo,2023,censo_escolar,Matrícula,Pública,Ensino Fundamental,9750.0
2707701,Rio Largo,2023,censo_escolar,Escolas,Pública,Ensino Fundamental,35.0
2707701,Rio Largo,2023,censo_escolar,Escolas,Total,Ensino Fundamental,50.0
2707701,Rio Largo,2023,censo_escolar,Matrícula,Estadual,Ensino Médio,1440.0
2707701,Rio Largo,2023,censo_escolar,Escolas,Estadual,Ensino Médio,15.0
2707701,Rio Largo,2023,censo_escolar,Matrícula,Municipal,Ensino Médio,1680.0
2707701,Rio Largo,2023,censo_escolar,Escolas,Municipal,Ensino Médio,20.0
2707701,Rio Largo,2023,censo_escolar,Matrícula,Federal,Ensino Médio,0.0
2707701,Rio Largo,2023,censo_escolar,Escolas,Federal,Ensino Médio,0.0
2707701,Rio Largo,2023,censo_escolar,Matrícula,Privada,Ensino Médio,1680.0
2707701,Rio Largo,2023,censo_escolar,Escolas,Privada,Ensino Médio,15.0
2707701,Rio Largo,2023,censo_escolar,Matrícula,Pública,Ensino Médio,3120.0
2707701,Rio Largo,2023,censo_escolar,Escolas,Pública,Ensino Médio,35.0
2707701,Rio Largo,2023,censo_escolar,Escolas,Total,Ensino Médio,50.0
2707701,Rio Largo,2023,censo_escolar,Matrícula,Estadual,Educação de Jovens e Adultos (EJA),300.0
2707701,Rio Largo,2023,censo_escolar,Escolas,Estadual,Educação de Jovens e Adultos (EJA),15.0
2707701,Rio Largo,2023,censo_escolar,Matrícula,Municipal,Educação de Jovens e Adultos (EJA),350.0
2707701,Rio Largo,2023,censo_escolar,Escolas,Municipal,Educação de Jovens e Adultos (EJA),20.0
2707701,Rio Largo,2023,censo_escolar,Matrícula,Federal,Educação de Jovens e Adultos (EJA),0.0
2707701,Rio Largo,2023,censo_escolar,Escolas,Federal,Educação de Jovens e Adultos (EJA),0.0
2707701,Rio Largo,2023,censo_escolar,Matrícula,Privada,Educação de Jovens e Adultos (EJA),350.0
2707701,Rio Largo,2023,censo_escolar,Escolas,Privada,Educação de Jovens e Adultos (EJA),15.0
2707701,Rio Largo,2023,censo_escolar,Matrícula,Pública,Educação de Jovens e Adultos (EJA),650.0
2707701,Rio Largo,2023,censo_escolar,Escolas,Pública,Educação de Jovens e Adultos (EJA),35.0
2707701,Rio Largo,2023,censo_escolar,Escolas,Total,Educação de Jovens e Adultos (EJA),50.0
2707701,Rio Largo,2023,censo_escolar,Matrícula,Estadual,Educação Profissional,180.0
2707701,Rio Largo,2023,censo_escolar,Escolas,Estadual,Educação Profissional,15.0
2707701,Rio Largo,2023,censo_escolar,Matrícula,Municipal,Educação Profissional,210.0
2707701,Rio Largo,2023,censo_escolar,Escolas,Municipal,Educação Profissional,20.0
2707701,Rio Largo,2023,censo_escolar,Matrícula,Federal,Educação Profissional,0.0
2707701,Rio Largo,2023,censo_escolar,Escolas,Federal,Educação Profissional,0.0
2707701,Rio Largo,2023,censo_escolar,Matrícula,Privada,Educação Profissional,210.0
2707701,Rio Largo,2023,censo_escolar,Escolas,Privada,Educação Profissional,15.0
2707701,Rio Largo,2023,censo_escolar,Matrícula,Pública,Educação Profissional,390.0
2707701,Rio Largo,2023,censo_escolar,Escolas,Pública,Educação Profissional,35.0
2707701,Rio Largo,2023,censo_escolar,Escolas,Total,Educação Profissional,50.0
2707701,Rio Largo,2023,indicadores_rendimento,Taxa de Aprovação,Estadual,Ensino Fundamental,95.00
2707701,Rio Largo,2023,indicadores_rendimento,Taxa de Reprovação,Estadual,Ensino Fundamental,3.50
2707701,Rio Largo,2023,indicadores_rendimento,Taxa de Abandono,Estadual,Ensino Fundamental,1.50
2707701,Rio Largo,2023,indicadores_rendimento,Taxa de Aprovação,Municipal,Ensino Fundamental,95.00
2707701,Rio Largo,2023,indicadores_rendimento,Taxa de Reprovação,Municipal,Ensino Fundamental,3.50
2707701,Rio Largo,2023,indicadores_rendimento,Taxa de Abandono,Municipal,Ensino Fundamental,1.50
2707701,Rio Largo,2023,indicadores_rendimento,Taxa de Aprovação,Federal,Ensino Fundamental,95.00
2707701,Rio Largo,2023,indicadores_rendimento,Taxa de Reprovação,Federal,Ensino Fundamental,3.50
2707701,Rio Largo,2023,indicadores_rendimento,Taxa de Abandono,Federal,Ensino Fundamental,1.50
2707701,Rio Largo,2023,indicadores_rendimento,Taxa de Aprovação,Privada,Ensino Fundamental,95.00
2707701,Rio Largo,2023,indicadores_rendimento,Taxa de Reprovação,Privada,Ensino Fundamental,3.50
2707701,Rio Largo,2023,indicadores_rendimento,Taxa de Abandono,Privada,Ensino Fundamental,1.50
2707701,Rio Largo,2023,indicadores_rendimento,Taxa de Aprovação,Pública,Ensino Fundamental,95.00
2707701,Rio Largo,2023,indicadores_rendimento,Taxa de Reprovação,Pública,Ensino Fundamental,3.50
2707701,Rio Largo,2023,indicadores_rendimento,Taxa de Abandono,Pública,Ensino Fundamental,1.50
2707701,Rio Largo,2023,indicadores_rendimento,Taxa de Reprovação,Total,Ensino Fundamental,2.73
2707701,Rio Largo,2023,indicadores_rendimento,Taxa de Abandono,Total,Ensino Fundamental,1.17
2707701,Rio Largo,2023,indicadores_rendimento,Taxa de Aprovação,Estadual,Ensino Médio,95.00
2707701,Rio Largo,2023,indicadores_rendimento,Taxa de Reprovação,Estadual,Ensino Médio,3.50
2707701,Rio Largo,2023,indicadores_rendimento,Taxa de Abandono,Estadual,Ensino Médio,1.50
2707701,Rio Largo,2023,indicadores_rendimento,Taxa de Aprovação,Municipal,Ensino Médio,95.00
2707701,Rio Largo,2023,indicadores_rendimento,Taxa de Reprovação,Municipal,Ensino Médio,3.50
2707701,Rio Largo,2023,indicadores_rendimento,Taxa de Abandono,Municipal,Ensino Médio,1.50
2707701,Rio Largo,2023,indicadores_rendimento,Taxa de Aprovação,Federal,Ensino Médio,95.00
2707701,Rio Largo,2023,indicadores_rendimento,Taxa de Reprovação,Federal,Ensino Médio,3.50
2707701,Rio Largo,2023,indicadores_rendimento,Taxa de Abandono,Federal,Ensino Médio,1.50
2707701,Rio Largo,2023,indicadores_rendimento,Taxa de Aprovação,Privada,Ensino Médio,95.00
2707701,Rio Largo,2023,indicadores_rendimento,Taxa de Reprovação,Privada,Ensino Médio,3.50
2707701,Rio Largo,2023,indicadores_rendimento,Taxa de Abandono,Privada,Ensino Médio,1.50
2707701,Rio Largo,2023,indicadores_rendimento,Taxa de Aprovação,Pública,Ensino Médio,95.00
2707701,Rio Largo,2023,indicadores_rendimento,Taxa de Reprovação,Pública,Ensino Médio,3.50
2707701,Rio Largo,2023,indicadores_rendimento,Taxa de Abandono,Pública,Ensino Médio,1.50
2707701,Rio Largo,2023,indicadores_rendimento,Taxa de Aprovação,Total,Ensino Médio,95.00
2707701,Rio Largo,2023,indicadores_rendimento,Taxa de Reprovação,Total,Ensino Médio,3.50
2707701,Rio Largo,2023,indicadores_rendimento,Taxa de Abandono,Total,Ensino Médio,1.50
2702405,Delmiro Gouveia,2010,censo_escolar,Matrícula,Estadual,Educação Infantil,1500.0
2702405,Delmiro Gouveia,2010,censo_escolar,Escolas,Estadual,Educação Infantil,15.0
2702405,Delmiro Gouveia,2010,censo_escolar,Matrícula,Municipal,Educação Infantil,2000.0
2702405,Delmiro Gouveia,2010,censo_escolar,Escolas,Municipal,Educação Infantil,20.0
2702405,Delmiro Gouveia,2010,censo_escolar,Matrícula,Federal,Educação Infantil,0.0
2702405,Delmiro Gouveia,2010,censo_escolar,Escolas,Federal,Educação Infantil,0.0
2702405,Delmiro Gouveia,2010,censo_escolar,Matrícula,Privada,Educação Infantil,1500.0
2702405,Delmiro Gouveia,2010,censo_escolar,Escolas,Privada,Educação Infantil,15.0
2702405,Delmiro Gouveia,2010,censo_escolar,Matrícula,Pública,Educação Infantil,3500.0
2702405,Delmiro Gouveia,2010,censo_escolar,Escolas,Pública,Educação Infantil,35.0
2702405,Delmiro Gouveia,2010,censo_escolar,Matrícula,Total,Educação Infantil,5000.0
2702405,Delmiro Gouveia,2010,censo_escolar,Escolas,Total,Educação Infantil,50.0
2702405,Delmiro Gouveia,2010,censo_escolar,Matrícula,Estadual,Ensino Fundamental,1500.0
2702405,Delmiro Gouveia,2010,censo_escolar,Escolas,Estadual,Ensino Fundamental,15.0
2702405,Delmiro Gouveia,2010,censo_escolar,Matrícula,Municipal,Ensino Fundamental,2000.0
2702405,Delmiro Gouveia,2010,censo_escolar,Escolas,Municipal,Ensino Fundamental,20.0
2702405,Delmiro Gouveia,2010,censo_escolar,Matrícula,Federal,Ensino Fundamental,0.0
2702405,Delmiro Gouveia,2010,censo_escolar,Escolas,Federal,Ensino Fundamental,0.0
2702405,Delmiro Gouveia,2010,censo_escolar,Matrícula,Privada,Ensino Fundamental,1500.0
2702405,Delmiro Gouveia,2010,censo_escolar,Escolas,Privada,Ensino Fundamental,15.0
2702405,Delmiro Gouveia,2010,censo_escolar,Matrícula,Pública,Ensino Fundamental,3500.0
2702405,Delmiro Gouveia,2010,censo_escolar,Escolas,Pública,Ensino Fundamental,35.0
2702405,Delmiro Gouveia,2010,censo_escolar,Matrícula,Total,Ensino Fundamental,5000.0
2702405,Delmiro Gouveia,2010,censo_escolar,Escolas,Total,Ensino Fundamental,50.0
2702405,Delmiro Gouveia,2010,censo_escolar,Matrícula,Estadual,Ensino Médio,1500.0
2702405,Delmiro Gouveia,2010,censo_escolar,Escolas,Estadual,Ensino Médio,15.0
2702405,Delmiro Gouveia,2010,censo_escolar,Matrícula,Municipal,Ensino Médio,2000.0
2702405,Delmiro Gouveia,2010,censo_escolar,Escolas,Municipal,Ensino Médio,20.0
2702405,Delmiro Gouveia,2010,censo_escolar,Matrícula,Federal,Ensino Médio,0.0
2702405,Delmiro Gouveia,2010,censo_escolar,Escolas,Federal,Ensino Médio,0.0
2702405,Delmiro Gouveia,2010,censo_escolar,Matrícula,Privada,Ensino Médio,1500.0
2702405,Delmiro Gouveia,2010,censo_escolar,Escolas,Privada,Ensino Médio,15.0
2702405,Delmiro Gouveia,2010,censo_escolar,Matrícula,Pública,Ensino Médio,3500.0
2702405,Delmiro Gouveia,2010,censo_escolar,Escolas,Pública,Ensino Médio,35.0
2702405,Delmiro Gouveia,2010,censo_escolar,Matrícula,Total,Ensino Médio,5000.0
2702405,Delmiro Gouveia,2010,censo_escolar,Escolas,Total,Ensino Médio,50.0
2702405,Delmiro Gouveia,2010,censo_escolar,Matrícula,Estadual,Educação de Jovens e Adultos (EJA),1500.0
2702405,Delmiro Gouveia,2010,censo_escolar,Escolas,Estadual,Educação de Jovens e Adultos (EJA),15.0
2702405,Delmiro Gouveia,2010,censo_escolar,Matrícula,Municipal,Educação de Jovens e Adultos (EJA),2000.0
2702405,Delmiro Gouveia,2010,censo_escolar,Escolas,Municipal,Educação de Jovens e Adultos (EJA),20.0
2702405,Delmiro Gouveia,2010,censo_escolar,Matrícula,Federal,Educação de Jovens e Adultos (EJA),0.0
2702405,Delmiro Gouveia,2010,censo_escolar,Escolas,Federal,Educação de Jovens e Adultos (EJA),0.0
2702405,Delmiro Gouveia,2010,censo_escolar,Matrícula,Privada,Educação de Jovens e Adultos (EJA),1500.0
2702405,Delmiro Gouveia,2010,censo_escolar,Escolas,Privada,Educação de Jovens e Adultos (EJA),15.0
2702405,Delmiro Gouveia,2010,censo_escolar,Matrícula,Pública,Educação de Jovens e Adultos (EJA),3500.0
2702405,Delmiro Gouveia,2010,censo_escolar,Escolas,Pública,Educação de Jovens e Adultos (EJA),35.0
2702405,Delmiro Gouveia,2010,censo_escolar,Matrícula,Total,Educação de Jovens e Adultos (EJA),5000.0
2702405,Delmiro Gouveia,2010,censo_escolar,Escolas,Total,Educação de Jovens e Adultos (EJA),50.0
2702405,Delmiro Gouveia,2010,censo_escolar,Matrícula,Estadual,Educação Profissional,1500.0
2702405,Delmiro Gouveia,2010,censo_escolar,Escolas,Estadual,Educação Profissional,15.0
2702405,Delmiro Gouveia,2010,censo_escolar,Matrícula,Municipal,Educação Profissional,2000.0
2702405,Delmiro Gouveia,2010,censo_escolar,Escolas,Municipal,Educação Profissional,20.0
2702405,Delmiro Gouveia,2010,censo_escolar,Matrícula,Federal,Educação Profissional,0.0
2702405,Delmiro Gouveia,2010,censo_escolar,Escolas,Federal,Educação Profissional,0.0
2702405,Delmiro Gouveia,2010,censo_escolar,Matrícula,Privada,Educação Profissional,1500.0
2702405,Delmiro Gouveia,2010,censo_escolar,Escolas,Privada,Educação Profissional,15.0
2702405,Delmiro Gouveia,2010,censo_escolar,Matrícula,Pública,Educação Profissional,3500.0
2702405,Delmiro Gouveia,2010,censo_escolar,Escolas,Pública,Educação Profissional,35.0
2702405,Delmiro Gouveia,2010,censo_escolar,Matrícula,Total,Educação Profissional,5000.0
2702405,Delmiro Gouveia,2010,censo_escolar,Escolas,Total,Educação Profissional,50.0
2702405,Delmiro Gouveia,2010,indicadores_rendimento,Taxa de Aprovação,Estadual,Ensino Fundamental,95.00
2702405,Delmiro Gouveia,2010,indicadores_rendimento,Taxa de Reprovação,Estadual,Ensino Fundamental,3.50
2702405,Delmiro Gouveia,2010,indicadores_rendimento,Taxa de Abandono,Estadual,Ensino Fundamental,1.50
2702405,Delmiro Gouveia,2010,indicadores_rendimento,Taxa de Aprovação,Municipal,Ensino Fundamental,95.00
2702405,Delmiro Gouveia,2010,indicadores_rendimento,Taxa de Reprovação,Municipal,Ensino Fundamental,3.50
2702405,Delmiro Gouveia,2010,indicadores_rendimento,Taxa de Abandono,Municipal,Ensino Fundamental,1.50
2702405,Delmiro Gouveia,2010,indicadores_rendimento,Taxa de Aprovação,Federal,Ensino Fundamental,95.00
2702405,Delmiro Gouveia,2010,indicadores_rendimento,Taxa de Reprovação,Federal,Ensino Fundamental,3.50
2702405,Delmiro Gouveia,2010,indicadores_rendimento,Taxa de Abandono,Federal,Ensino Fundamental,1.50
2702405,Delmiro Gouveia,2010,indicadores_rendimento,Taxa de Aprovação,Privada,Ensino Fundamental,95.00
2702405,Delmiro Gouveia,2010,indicadores_rendimento,Taxa de Reprovação,Privada,Ensino Fundamental,3.50
2702405,Delmiro Gouveia,2010,indicadores_rendimento,Taxa de Abandono,Privada,Ensino Fundamental,1.50
2702405,Delmiro Gouveia,2010,indicadores_rendimento,Taxa de Aprovação,Pública,Ensino Fundamental,95.00
2702405,Delmiro Gouveia,2010,indicadores_rendimento,Taxa de Reprovação,Pública,Ensino Fundamental,3.50
2702405,Delmiro Gouveia,2010,indicadores_rendimento,Taxa de Abandono,Pública,Ensino Fundamental,1.50
2702405,Delmiro Gouveia,2010,indicadores_rendimento,Taxa de Aprovação,Total,Ensino Fundamental,95.00
2702405,Delmiro Gouveia,2010,indicadores_rendimento,Taxa de Reprovação,Total,Ensino Fundamental,3.50
2702405,Delmiro Gouveia,2010,indicadores_rendimento,Taxa de Abandono,Total,Ensino Fundamental,1.50
2702405,Delmiro Gouveia,2010,indicadores_rendimento,Taxa de Aprovação,Estadual,Ensino Médio,95.00
2702405,Delmiro Gouveia,2010,indicadores_rendimento,Taxa de Reprovação,Estadual,Ensino Médio,3.50
2702405,Delmiro Gouveia,2010,indicadores_rendimento,Taxa de Abandono,Estadual,Ensino Médio,1.50
2702405,Delmiro Gouveia,2010,indicadores_rendimento,Taxa de Aprovação,Municipal,Ensino Médio,95.00
2702405,Delmiro Gouveia,2010,indicadores_rendimento,Taxa de Reprovação,Municipal,Ensino Médio,3.50
2702405,Delmiro Gouveia,2010,indicadores_rendimento,Taxa de Abandono,Municipal,Ensino Médio,1.50
2702405,Delmiro Gouveia,2010,indicadores_rendimento,Taxa de Aprovação,Federal,Ensino Médio,95.00
2702405,Delmiro Gouveia,2010,indicadores_rendimento,Taxa de Reprovação,Federal,Ensino Médio,3.50
2702405,Delmiro Gouveia,2010,indicadores_rendimento,Taxa de Abandono,Federal,Ensino Médio,1.50
2702405,Delmiro Gouveia,2010,indicadores_rendimento,Taxa de Aprovação,Privada,Ensino Médio,95.00
2702405,Delmiro Gouveia,2010,indicadores_rendimento,Taxa de Reprovação,Privada,Ensino Médio,3.50
2702405,Delmiro Gouveia,2010,indicadores_rendimento,Taxa de Abandono,Privada,Ensino Médio,1.50
2702405,Delmiro Gouveia,2010,indicadores_rendimento,Taxa de Aprovação,Pública,Ensino Médio,95.00
2702405,Delmiro Gouveia,2010,indicadores_rendimento,Taxa de Reprovação,Pública,Ensino Médio,3.50
2702405,Delmiro Gouveia,2010,indicadores_rendimento,Taxa de Abandono,Pública,Ensino Médio,1.50
2702405,Delmiro Gouveia,2010,indicadores_rendimento,Taxa de Aprovação,Total,Ensino Médio,95.00
2702405,Delmiro Gouveia,2010,indicadores_rendimento,Taxa de Reprovação,Total,Ensino Médio,3.50
2702405,Delmiro Gouveia,2010,indicadores_rendimento,Taxa de Abandono,Total,Ensino Médio,1.50
2702405,Delmiro Gouveia,2010,censo_demografico,Pessoas Alfabetizadas,Não se aplica,Pessoas de 15 anos ou mais de idade,85000.0
2702405,Delmiro Gouveia,2010,censo_demografico,Pessoas Total,Não se aplica,Pessoas de 15 anos ou mais de idade,100000.0
2702405,Delmiro Gouveia,2010,censo_demografico,Taxa de Alfabetização,Não se aplica,Pessoas de 15 anos ou mais de idade,80.00
2702405,Delmiro Gouveia,2010,censo_demografico,Taxa de Analfabetismo,Não se aplica,Pessoas de 15 anos ou mais de idade,20.00